<?xml version="1.0" encoding="utf-8"?>
<AutoStore NSI_SIG2="32CB85EA3D94A6724B7C618263A8AEAE3189CF3C93106D44E3CFC88001BF2BA55A7C86B8EF6E3D762D4C5986EDA418BE">
	<Header Version="2" DateCreated="2018-06-28" TimeCreated="23:19:06" AUTHOR="" COMMENTS=""/>
	<KnowledgeObjects ObjID="1565011009-57303-19059-170-184">
		<KnowledgeObject ObjID="4289070725-43095-19873-148-120">
			<KnowledgeDocuments>
				<KnowledgeDocument Type="jpg" Name="1530227860773.jpg" ObjID="1100003120-4230-17956-131-115" DocRef="485869076-6700-18492-157-40.dat"/>
				<KnowledgeDocument Type="png" Name="PatientSign_201806282319056814.png" ObjID="1661306079-49258-18536-166-20" DocRef="3439599287-3337-17564-168-118.dat"/>
			</KnowledgeDocuments>
			<KnowledgeFields>
				<Field Name="JobID" Value="4289070725-43095-19873-148-120"/>
				<Field Name="FormName" Value="New GP Patient Registration"/>
				<Field Name="UserHomeFolder" Value="\\NUAN-MOBAD01\HOME\nsundher"/>
				<Field Name="UserEmail" Value="neal.sundher@ricoh.ca"/>
				<Field Name="UserName" Value="nsundher"/>
				<Field Name="1stReg" Value=""/>
				<Field Name="3Months" Value=""/>
				<Field Name="Salutation" Value=""/>
				<Field Name="Surname" Value=""/>
				<Field Name="PrevSurname" Value=""/>
				<Field Name="Forenames" Value=""/>
				<Field Name="DateofBirth" Value="6/6/2018"/>
				<Field Name="Sex" Value="Male"/>
				<Field Name="NHSNo" Value="7653333"/>
				<Field Name="CHI" Value="Sddffg"/>
				<Field Name="Address1" Value=""/>
				<Field Name="Address2" Value="1234 ray st."/>
				<Field Name="Town" Value="Victoria BC"/>
				<Field Name="County" Value="Canada"/>
				<Field Name="Postcode" Value="V5b2g4"/>
				<Field Name="Phone" Value="2473445t"/>
				<Field Name="Mobile" Value="3456y67"/>
				<Field Name="Email" Value="Neal.sundher@ricoh.ca"/>
				<Field Name="PrevDrName" Value=""/>
				<Field Name="PrevDrPractice" Value=""/>
				<Field Name="PrevDrAddress" Value=""/>
				<Field Name="PrevDrTown" Value=""/>
				<Field Name="PrevDrPostCode" Value=""/>
				<Field Name="PrevAddress1" Value=""/>
				<Field Name="PrevAddress2" Value=""/>
				<Field Name="PrevTown" Value=""/>
				<Field Name="PrevCounty" Value=""/>
				<Field Name="PrevPostCode" Value=""/>
				<Field Name="DateCame" Value=""/>
				<Field Name="DateLeave" Value=""/>
				<Field Name="RecentResidence" Value=""/>
				<Field Name="AFServiceNo" Value=""/>
				<Field Name="AFEnlistDate" Value=""/>
				<Field Name="AFReservist" Value=""/>
				<Field Name="AFLeaveDate" Value=""/>
				<Field Name="AF1stReg" Value=""/>
				<Field Name="AFPriorAddress" Value=""/>
				<Field Name="AFPriorPostCode" Value=""/>
				<Field Name="Identification" Value="BrithCert"/>
			</KnowledgeFields>
		</KnowledgeObject>
	</KnowledgeObjects>
</AutoStore>
