<?xml version="1.0" encoding="utf-8"?>
<AutoStore NSI_SIG2="D2E14F2A0AC920A0B25648E13737B5950DD5F6BE8E974B499F44282FA36FFE2178470B91591398CEEE74123DB80C4658">
	<Header Version="2" DateCreated="2018-07-06" TimeCreated="15:06:11" AUTHOR="" COMMENTS=""/>
	<KnowledgeObjects ObjID="4246298293-49835-19050-186-157">
		<KnowledgeObject ObjID="741484105-60835-20082-162-76">
			<KnowledgeDocuments>
				<KnowledgeDocument Type="png" Name="PatientSign_201807061506106706.png" ObjID="3540867689-20140-18525-182-80" DocRef="1600786092-5190-18034-138-123.dat"/>
			</KnowledgeDocuments>
			<KnowledgeFields>
				<Field Name="JobID" Value="741484105-60835-20082-162-76"/>
				<Field Name="FormName" Value="New GP Patient Registration"/>
				<Field Name="UserHomeFolder" Value="\\NUAN-MOBAD01\HOME\modesto@mhermida.com"/>
				<Field Name="UserEmail" Value="modesto@mhermida.com"/>
				<Field Name="UserName" Value="modesto@mhermida.com"/>
				<Field Name="1stReg" Value=""/>
				<Field Name="3Months" Value=""/>
				<Field Name="Salutation" Value=""/>
				<Field Name="Surname" Value=""/>
				<Field Name="PrevSurname" Value=""/>
				<Field Name="Forenames" Value=""/>
				<Field Name="DateofBirth" Value=""/>
				<Field Name="Sex" Value=""/>
				<Field Name="NHSNo" Value=""/>
				<Field Name="CHI" Value=""/>
				<Field Name="Address1" Value=""/>
				<Field Name="Address2" Value=""/>
				<Field Name="Town" Value=""/>
				<Field Name="County" Value=""/>
				<Field Name="Postcode" Value=""/>
				<Field Name="Phone" Value=""/>
				<Field Name="Mobile" Value=""/>
				<Field Name="Email" Value=""/>
				<Field Name="PrevDrName" Value=""/>
				<Field Name="PrevDrPractice" Value=""/>
				<Field Name="PrevDrAddress" Value=""/>
				<Field Name="PrevDrTown" Value=""/>
				<Field Name="PrevDrPostCode" Value=""/>
				<Field Name="PrevAddress1" Value=""/>
				<Field Name="PrevAddress2" Value=""/>
				<Field Name="PrevTown" Value=""/>
				<Field Name="PrevCounty" Value=""/>
				<Field Name="PrevPostCode" Value=""/>
				<Field Name="DateCame" Value=""/>
				<Field Name="DateLeave" Value=""/>
				<Field Name="RecentResidence" Value=""/>
				<Field Name="AFServiceNo" Value="9990"/>
				<Field Name="AFEnlistDate" Value="07-05-2014"/>
				<Field Name="AFReservist" Value="No"/>
				<Field Name="AFLeaveDate" Value="05-07-2018"/>
				<Field Name="AF1stReg" Value="Yes"/>
				<Field Name="AFPriorAddress" Value="Tu"/>
				<Field Name="AFPriorPostCode" Value="28941"/>
				<Field Name="Identification" Value="BrithCert"/>
			</KnowledgeFields>
		</KnowledgeObject>
	</KnowledgeObjects>
</AutoStore>
