<?xml version="1.0" encoding="utf-8"?>
<AutoStore NSI_SIG2="7A7B5AE1F1575FA77A18B0330C50B104C81B2A32993F154FBE3BF5F331F02C618569DBDAE49BA81E131E9BFB5A851352">
	<Header Version="2" DateCreated="2019-06-09" TimeCreated="04:16:05" AUTHOR="" COMMENTS=""/>
	<KnowledgeObjects ObjID="3722872479-35559-20063-131-126">
		<KnowledgeObject ObjID="1586807428-25682-17016-191-0">
			<KnowledgeDocuments>
				<KnowledgeDocument Type="m3u" Name="Protected File - 00001.m3u" ObjID="3392016003-10166-20289-136-3" DocRef="4107373834-28816-16572-169-217.dat"/>
				<KnowledgeDocument Type="png" Name="Signature_201906090416048858.png" ObjID="3957141874-22066-19361-177-15" DocRef="2315717253-60267-17151-148-166.dat"/>
			</KnowledgeDocuments>
			<KnowledgeFields>
				<Field Name="DeliveryTime" Value="04:16"/>
				<Field Name="DeliveryDate" Value="09/06/2019"/>
				<Field Name="Driver" Value="Xodice"/>
				<Field Name="SignatureName" Value="Cliff keen 1992"/>
				<Field Name="DeliveryID" Value="http://goo.gl/2gmgg"/>
				<Field Name="Surname" Value=""/>
				<Field Name="Firstname" Value=""/>
				<Field Name="Address" Value=""/>
				<Field Name="Postcode" Value=""/>
				<Field Name="Signature" Value="C:\Nuance\MobileDemo\Home\WebCapture\WORK\7af88dcb-b062-4b28-a732-34b330034ac7\Signature_201906090416048858.png"/>
				<Field Name="GPS" Value="43.29981502229504, -72.47389153833106"/>
				<Field Name="UserName" Value="Xodice"/>
				<Field Name="UserEmail" Value="Nparillo@ssdvermont.com"/>
				<Field Name="UserHomeFolder" Value="\\NUAN-MOBAD01\HOME\Xodice"/>
				<Field Name="FormName" Value="Delivery Acceptance"/>
				<Field Name="JobID" Value="1586807428-25682-17016-191-0"/>
			</KnowledgeFields>
		</KnowledgeObject>
	</KnowledgeObjects>
</AutoStore>
