<?xml version="1.0" encoding="utf-8"?>
<AutoStore NSI_SIG2="A497DC2E6B1E671F31E7CA3AB383974FECFB75FD625FC0DFEE7E2E0013289CDE08B742FFDC5C1288930B27302FE3F58B">
	<Header Version="2" DateCreated="2018-04-05" TimeCreated="11:43:04" AUTHOR="" COMMENTS=""/>
	<KnowledgeObjects ObjID="3088585554-38421-18422-167-93">
		<KnowledgeObject ObjID="1539747933-38141-18747-163-238">
			<KnowledgeDocuments>
				<KnowledgeDocument Type="pdf" Name="Confirmation.pdf" ObjID="1780249529-58736-19879-137-7" DocRef="782546575-670-19937-176-33.dat"/>
			</KnowledgeDocuments>
			<KnowledgeFields>
				<Field Name="AssessorSignature" Value="C:\Nuance\MobileDemo\Home\WebCapture\WORK\25eeb020-4081-4f40-a35a-d18a36af78b4\AssessorSignature_201711212035054889.png"/>
				<Field Name="AssessorName" Value="John Campbell-Higgens"/>
				<Field Name="Chargeable" Value="No"/>
				<Field Name="Type" Value=""/>
				<Field Name="Category" Value=""/>
				<Field Name="Urgency" Value=""/>
				<Field Name="VisitDate" Value=""/>
				<Field Name="PostCode" Value=""/>
				<Field Name="HouseNumber" Value="1234"/>
				<Field Name="RenameSchema" Value="-1234--"/>
				<Field Name="Section" Value="Housing and Tenancies\Housing Associations"/>
				<Field Name="FormName" Value="Issue Assessment Form"/>
				<Field Name="JobID" Value="1539747933-38141-18747-163-238"/>
				<Field Name="UserHomeFolder" Value=""/>
				<Field Name="UserEmail" Value=""/>
				<Field Name="UserName" Value="matt"/>
				<Field Name="FileCount" Value="1"/>
			</KnowledgeFields>
		</KnowledgeObject>
	</KnowledgeObjects>
</AutoStore>
