<?xml version="1.0" encoding="utf-8"?>
<AutoStore NSI_SIG2="F91B6757758077CCF7ABC89E3C969C9736ADB7A5D33597EF15375327C5FB39347039A059B77C51F29FC2B7814203CD59">
	<Header Version="2" DateCreated="2019-03-06" TimeCreated="14:58:08" AUTHOR="" COMMENTS=""/>
	<KnowledgeObjects ObjID="3112638298-67-17404-184-65">
		<KnowledgeObject ObjID="644604109-46356-18561-178-115">
			<KnowledgeDocuments>
				<KnowledgeDocument Type="jpg" Name="1551884270026.jpg" ObjID="2869242454-30066-19222-187-251" DocRef="3527774748-61064-18443-148-146.dat"/>
				<KnowledgeDocument Type="png" Name="Signature_201903061458082983.png" ObjID="43231630-56207-18384-138-246" DocRef="1587581854-5200-17639-173-120.dat"/>
			</KnowledgeDocuments>
			<KnowledgeFields>
				<Field Name="DeliveryTime" Value="14:58"/>
				<Field Name="DeliveryDate" Value="06/03/2019"/>
				<Field Name="Driver" Value="izadyarf"/>
				<Field Name="SignatureName" Value="Fassa"/>
				<Field Name="DeliveryID" Value="TC01572467"/>
				<Field Name="Surname" Value=""/>
				<Field Name="Firstname" Value=""/>
				<Field Name="Address" Value=""/>
				<Field Name="Postcode" Value=""/>
				<Field Name="Signature" Value="C:\Nuance\MobileDemo\Home\WebCapture\WORK\e1b3c959-505b-48cd-bb6f-ea26902a7ec0\Signature_201903061458082983.png"/>
				<Field Name="GPS" Value="41.3878019, 2.1974287"/>
				<Field Name="UserName" Value="izadyarf"/>
				<Field Name="UserEmail" Value="izadyar.fassa@nuance.com"/>
				<Field Name="UserHomeFolder" Value="\\NUAN-MOBAD01\HOME\izadyarf"/>
				<Field Name="FormName" Value="Delivery Acceptance"/>
				<Field Name="JobID" Value="644604109-46356-18561-178-115"/>
			</KnowledgeFields>
		</KnowledgeObject>
	</KnowledgeObjects>
</AutoStore>
