<?xml version="1.0" encoding="utf-8"?>
<AutoStore NSI_SIG2="06511C646538ED6F3E2F7256405D58BD72837AF9EE588CED2DB4B0D49A04ABB4E962E0D8A81BEFD94E934F6D91848E9A">
	<Header Version="2" DateCreated="2018-06-04" TimeCreated="19:51:18" AUTHOR="" COMMENTS=""/>
	<KnowledgeObjects ObjID="107570892-63380-17483-171-145">
		<KnowledgeObject ObjID="932300667-52214-19288-151-231">
			<KnowledgeDocuments>
				<KnowledgeDocument Type="pdf" Name="Patient ID Labels.pdf" ObjID="2389387807-33319-17701-168-116" DocRef="3773981012-33495-20123-162-212.dat"/>
			</KnowledgeDocuments>
			<KnowledgeFields>
				<Field Name="DocClass" Value="Not Found"/>
				<Field Name="UserName" Value="joelb"/>
				<Field Name="UserEmail" Value="Joel.Briscoe@nuance.com"/>
				<Field Name="UserHomeFolder" Value="\\NUAN-MOBAD01\HOME\joelb"/>
				<Field Name="FormName" Value="Classification Example"/>
				<Field Name="JobID" Value="932300667-52214-19288-151-231"/>
				<Field Name="Section" Value="Security and GDPR"/>
				<Field Name="RequestType" Value="Email"/>
			</KnowledgeFields>
		</KnowledgeObject>
	</KnowledgeObjects>
</AutoStore>
