<?xml version="1.0" encoding="utf-8"?>
<AutoStore NSI_SIG2="FDCE5EC841592F39E2AFCA2DDFDADF42BB5632C74A627D700F83FCF66F548B61755EFF152990F57C17952846C5042A90">
	<Header Version="2" DateCreated="2019-07-02" TimeCreated="16:59:41" AUTHOR="" COMMENTS=""/>
	<KnowledgeObjects ObjID="2890941458-18637-18501-149-45">
		<KnowledgeObject ObjID="3446580272-48772-18182-172-191">
			<KnowledgeDocuments>
				<KnowledgeDocument Type="pdf" Name="POD-Address Labels.pdf" ObjID="786244577-35590-16815-128-185" DocRef="4293073253-24397-16744-174-210.dat"/>
				<KnowledgeDocument Type="png" Name="Signature_201907021659415917.png" ObjID="927233557-18141-16676-191-146" DocRef="316851753-46539-17702-182-82.dat"/>
			</KnowledgeDocuments>
			<KnowledgeFields>
				<Field Name="DeliveryTime" Value="16:59"/>
				<Field Name="DeliveryDate" Value="02/07/2019"/>
				<Field Name="Driver" Value="TerryLaCosse"/>
				<Field Name="SignatureName" Value="Lacosse"/>
				<Field Name="DeliveryID" Value="1234567890"/>
				<Field Name="Surname" Value="Campbell-Higgens"/>
				<Field Name="Firstname" Value="John"/>
				<Field Name="Address" Value="Ainsworth Road, Bolton"/>
				<Field Name="Postcode" Value="BL3 1RB"/>
				<Field Name="Signature" Value="C:\Nuance\MobileDemo\Home\WebCapture\WORK\0cffc6ae-2b2b-4920-9df2-e8322878100f\Signature_201907021659415917.png"/>
				<Field Name="GPS" Value="47.2327351, -122.5495128"/>
				<Field Name="UserName" Value="TerryLaCosse"/>
				<Field Name="UserEmail" Value="terry.lacosse@kofax.com"/>
				<Field Name="UserHomeFolder" Value="\\NUAN-MOBAD01\HOME\TerryLaCosse"/>
				<Field Name="FormName" Value="Delivery Acceptance"/>
				<Field Name="JobID" Value="3446580272-48772-18182-172-191"/>
			</KnowledgeFields>
		</KnowledgeObject>
	</KnowledgeObjects>
</AutoStore>
