<?xml version="1.0" encoding="utf-8"?>
<AutoStore NSI_SIG2="A72D5386652921BE940D56628B27E98E2B20681C5A50C0330B17DFFA4A1420CC23CBD8A286A163B2C23B43A9F7B81162">
	<Header Version="2" DateCreated="2020-03-10" TimeCreated="11:07:50" AUTHOR="" COMMENTS=""/>
	<KnowledgeObjects ObjID="1101039650-19857-17274-175-22">
		<KnowledgeObject ObjID="3846467405-25399-17969-183-229">
			<KnowledgeDocuments>
				<KnowledgeDocument Type="pdf" Name="POD_2345678901_1.pdf" ObjID="1021319993-18320-18294-154-87" DocRef="1942123841-39066-18643-179-197.dat"/>
			</KnowledgeDocuments>
			<KnowledgeFields>
				<Field Name="DocClass" Value="Not Found"/>
				<Field Name="UserName" Value="rbingley"/>
				<Field Name="UserEmail" Value="rob.bingley@ricoh.ca"/>
				<Field Name="UserHomeFolder" Value="\\US01VMBCMD01\HOME\rbingley"/>
				<Field Name="FormName" Value="Classification Example"/>
				<Field Name="JobID" Value="3846467405-25399-17969-183-229"/>
				<Field Name="Section" Value="Security and GDPR"/>
				<Field Name="RequestType" Value="Folder"/>
			</KnowledgeFields>
		</KnowledgeObject>
	</KnowledgeObjects>
</AutoStore>
