<?xml version="1.0" encoding="utf-8"?>
<AutoStore NSI_SIG2="2F5F16DB39A358B80DB42CF57459FADAD56D4CD433BBFF296BF24096CED60E6DF278FC891932FA96C4CA1D4B6BC356A7">
	<Header Version="2" DateCreated="2019-05-29" TimeCreated="19:19:48" AUTHOR="" COMMENTS=""/>
	<KnowledgeObjects ObjID="945231473-23977-18265-154-163">
		<KnowledgeObject ObjID="1309907082-42684-18620-144-65">
			<KnowledgeDocuments>
				<KnowledgeDocument Type="zip" Name="AD8FSupportDocumentation.zip" ObjID="575326574-11461-20181-151-9" DocRef="3535482925-427-18858-176-76.dat"/>
				<KnowledgeDocument Type="png" Name="Signature_201905291919482243.png" ObjID="3899817400-22598-19058-144-22" DocRef="3086314760-21783-18547-138-120.dat"/>
			</KnowledgeDocuments>
			<KnowledgeFields>
				<Field Name="DeliveryTime" Value="19:19"/>
				<Field Name="DeliveryDate" Value="29/05/2019"/>
				<Field Name="Driver" Value="Xodice"/>
				<Field Name="SignatureName" Value="Cliff keen 1992"/>
				<Field Name="DeliveryID" Value="HTTPS://FUNDREPORTS.COM/69134363990819599290?SRC=QR"/>
				<Field Name="Surname" Value=""/>
				<Field Name="Firstname" Value=""/>
				<Field Name="Address" Value=""/>
				<Field Name="Postcode" Value=""/>
				<Field Name="Signature" Value="C:\Nuance\MobileDemo\Home\WebCapture\WORK\58705e84-5d1b-48e9-b8d7-0c1a5631e419\Signature_201905291919482243.png"/>
				<Field Name="GPS" Value="43.29977622481424, -72.4737930192759"/>
				<Field Name="UserName" Value="Xodice"/>
				<Field Name="UserEmail" Value="Nparillo@ssdvermont.com"/>
				<Field Name="UserHomeFolder" Value="\\NUAN-MOBAD01\HOME\Xodice"/>
				<Field Name="FormName" Value="Delivery Acceptance"/>
				<Field Name="JobID" Value="1309907082-42684-18620-144-65"/>
			</KnowledgeFields>
		</KnowledgeObject>
	</KnowledgeObjects>
</AutoStore>
