<?xml version="1.0" encoding="utf-8"?>
<AutoStore NSI_SIG2="6EA42358FA104B2F1540CE7B58829F5DD697DBF82C391AFBEC246019D145BAFE0A3A872732F39ED901AFEA992F4763ED">
	<Header Version="2" DateCreated="2020-10-19" TimeCreated="10:22:26" AUTHOR="" COMMENTS=""/>
	<KnowledgeObjects ObjID="740577194-50538-17067-182-117">
		<KnowledgeObject ObjID="83343648-36705-20355-183-162">
			<KnowledgeDocuments>
				<KnowledgeDocument Type="jpg" Name="cdv_photo_002.jpg" ObjID="3751194195-63363-18488-145-68" DocRef="1460649886-39624-20163-153-98.dat"/>
			</KnowledgeDocuments>
			<KnowledgeFields>
				<Field Name="Job_ID" Value="83343648-36705-20355-183-162"/>
				<Field Name="UserHomeFolder" Value="\\US01VMBCMD01\HOME\ChrisStyles"/>
				<Field Name="Section" Value="Document Conversion"/>
				<Field Name="UserEmail" Value="chris.styles@kofax.com"/>
				<Field Name="UserName" Value="ChrisStyles"/>
				<Field Name="FormName" Value="Image Files to Office Documents"/>
				<Field Name="RequiredFormat" Value="PDF"/>
			</KnowledgeFields>
		</KnowledgeObject>
	</KnowledgeObjects>
</AutoStore>
