<?xml version="1.0" encoding="utf-8"?>
<AutoStore NSI_SIG2="934CD14202AD6F6939B3E532AC1F2A66CEB0E0C51E54C2FF0C5684007FFF45A94355F2D549188118570111E91DB99A58">
	<Header Version="2" DateCreated="2019-04-08" TimeCreated="02:21:36" AUTHOR="" COMMENTS=""/>
	<KnowledgeObjects ObjID="1525436329-37606-16908-190-69">
		<KnowledgeObject ObjID="2323293951-1022-18423-154-85">
			<KnowledgeDocuments>
				<KnowledgeDocument Type="m3u" Name="direct-2.m3u" ObjID="944127791-28941-17066-166-236" DocRef="1351135083-37764-16498-128-167.dat"/>
				<KnowledgeDocument Type="png" Name="Signature_201904080221287492.png" ObjID="2660243712-18176-20056-169-72" DocRef="127457988-61236-18911-187-246.dat"/>
			</KnowledgeDocuments>
			<KnowledgeFields>
				<Field Name="DeliveryTime" Value="02:21"/>
				<Field Name="DeliveryDate" Value="08/04/2019"/>
				<Field Name="Driver" Value="xodice"/>
				<Field Name="SignatureName" Value="Cliff keen 1992"/>
				<Field Name="DeliveryID" Value="http://www.underarmour.com/?9HV2TF9Q10497"/>
				<Field Name="Surname" Value=""/>
				<Field Name="Firstname" Value=""/>
				<Field Name="Address" Value=""/>
				<Field Name="Postcode" Value=""/>
				<Field Name="Signature" Value="C:\Nuance\MobileDemo\Home\WebCapture\WORK\6c4354ff-52fb-4849-a14c-680bd863d6d4\Signature_201904080221287492.png"/>
				<Field Name="GPS" Value="43.29983840576031, -72.47373688380223"/>
				<Field Name="UserName" Value="xodice"/>
				<Field Name="UserEmail" Value="Nparillo@ssdvermont.com"/>
				<Field Name="UserHomeFolder" Value="\\NUAN-MOBAD01\HOME\Xodice"/>
				<Field Name="FormName" Value="Delivery Acceptance"/>
				<Field Name="JobID" Value="2323293951-1022-18423-154-85"/>
			</KnowledgeFields>
		</KnowledgeObject>
	</KnowledgeObjects>
</AutoStore>
