<?xml version="1.0" encoding="utf-8"?>
<AutoStore NSI_SIG2="424743206A8C9A82A8FB48ADAC27DDBD7F8D50FED79AA99613330F33BFEEFDFC77335C97B18D347767257C2B5C5FD304">
	<Header Version="2" DateCreated="2020-04-23" TimeCreated="05:44:43" AUTHOR="" COMMENTS=""/>
	<KnowledgeObjects ObjID="2752208047-26797-16591-141-161">
		<KnowledgeObject ObjID="2348594738-59959-18228-175-164">
			<KnowledgeDocuments>
				<KnowledgeDocument Type="PDF" Name="0000303_HiggyUK_23-04-2020_done.PDF" ObjID="170174067-8151-19992-137-228" DocRef="2505918757-31634-20293-151-176.dat"/>
			</KnowledgeDocuments>
			<KnowledgeFields>
				<Field Name="SubmittedOn" Value="23-04-2020"/>
				<Field Name="SubmittedBy" Value="HiggyUK"/>
				<Field Name="TimeSheet" Value="0000303_HiggyUK_23-04-2020"/>
				<Field Name="ActionTaken" Value="p_0010"/>
				<Field Name="RejectReason" Value="Rejected"/>
				<Field Name="Signature" Value="C:\Kofax\MobileDemo\Home\WebCapture\WORK\923b17fe-ddf9-45df-9528-6fb63bf4f290\Signed_202004230544357692.png"/>
				<Field Name="UserName" Value="HiggyUK"/>
				<Field Name="UserEmail" Value="john.campbellhiggens@kofax.com"/>
				<Field Name="UserHomeFolder" Value="\\US01VMBCMD01\HOME\HiggyUK"/>
				<Field Name="FormName" Value="Approve TimeSheets"/>
				<Field Name="JobID" Value="2348594738-59959-18228-175-164"/>
			</KnowledgeFields>
		</KnowledgeObject>
	</KnowledgeObjects>
</AutoStore>
