<?xml version="1.0" encoding="utf-8"?>
<AutoStore NSI_SIG2="0801C0987A67207B7B850E04F4CBC5EF1DFD20B692F8DC8922F6482B79AECBB325E7A3DACDD0385CFD9D50B58649AB56">
	<Header Version="2" DateCreated="2019-01-21" TimeCreated="16:31:14" AUTHOR="" COMMENTS=""/>
	<KnowledgeObjects ObjID="366050954-33544-18684-146-168">
		<KnowledgeObject ObjID="2701314406-56383-19403-137-177">
			<KnowledgeDocuments>
				<KnowledgeDocument Type="htm" Name="Captured File - 00001.htm" ObjID="4154076507-4955-17533-189-230" DocRef="2506939194-51167-18870-180-117.dat"/>
				<KnowledgeDocument Type="png" Name="Signature_201901211631058179.png" ObjID="4087138038-17339-18559-169-146" DocRef="1087701335-2071-17925-144-179.dat"/>
			</KnowledgeDocuments>
			<KnowledgeFields>
				<Field Name="DeliveryTime" Value="16:31"/>
				<Field Name="DeliveryDate" Value="21/01/2019"/>
				<Field Name="Driver" Value="xodice"/>
				<Field Name="SignatureName" Value="Cliff keen 1992"/>
				<Field Name="DeliveryID" Value="http://weixin.qq.com/q/anWVDIblXDAlBtgnx1P8"/>
				<Field Name="Surname" Value=""/>
				<Field Name="Firstname" Value=""/>
				<Field Name="Address" Value=""/>
				<Field Name="Postcode" Value=""/>
				<Field Name="Signature" Value="C:\Nuance\MobileDemo\Home\WebCapture\WORK\b528b610-eaae-4d78-aa06-b9c1d54c928d\Signature_201901211631058179.png"/>
				<Field Name="GPS" Value="43.29965262581195, -72.474018236713"/>
				<Field Name="UserName" Value="xodice"/>
				<Field Name="UserEmail" Value="Nparillo@ssdvermont.com"/>
				<Field Name="UserHomeFolder" Value="\\NUAN-MOBAD01\HOME\Xodice"/>
				<Field Name="FormName" Value="Delivery Acceptance"/>
				<Field Name="JobID" Value="2701314406-56383-19403-137-177"/>
			</KnowledgeFields>
		</KnowledgeObject>
	</KnowledgeObjects>
</AutoStore>
