<?xml version="1.0" encoding="utf-8"?>
<AutoStore NSI_SIG2="F478544BCFE141B2160CBC1F1F8E74B3F750AB1B555776CB9FB184929C65734071B35B730A4667D544FFFCDEAC88E186">
	<Header Version="2" DateCreated="2020-10-21" TimeCreated="06:23:51" AUTHOR="" COMMENTS=""/>
	<KnowledgeObjects ObjID="3812702060-9557-20354-144-218">
		<KnowledgeObject ObjID="523739487-5990-17639-152-102">
			<KnowledgeDocuments>
				<KnowledgeDocument Type="jpg" Name="1603286621290.jpg" ObjID="3604546340-23933-17438-143-41" DocRef="2178174219-12072-17640-182-165.dat"/>
			</KnowledgeDocuments>
			<KnowledgeFields>
				<Field Name="UserName" Value="nikp"/>
				<Field Name="UserEmail" Value="nik.pugh@ordiginal.com"/>
				<Field Name="UserHomeFolder" Value="\\US01VMBCMD01\HOME\nikp"/>
				<Field Name="FormName" Value="Classification Example"/>
				<Field Name="JobID" Value="523739487-5990-17639-152-102"/>
				<Field Name="Section" Value="Security and GDPR"/>
				<Field Name="RequestType" Value="Email"/>
			</KnowledgeFields>
		</KnowledgeObject>
	</KnowledgeObjects>
</AutoStore>
