<?xml version="1.0" encoding="utf-8"?>
<AutoStore NSI_SIG2="5656ADCB1B32F15112297D41324228DED1EACBAC1551C0A27DF23A6A203E3522E6E6DEBC8055E95DB6F7D468CC9406A5">
	<Header Version="2" DateCreated="2018-11-29" TimeCreated="12:09:18" AUTHOR="" COMMENTS=""/>
	<KnowledgeObjects ObjID="2961495587-21827-17408-144-27">
		<KnowledgeObject ObjID="1878311078-37681-18255-141-113">
			<KnowledgeDocuments>
				<KnowledgeDocument Type="pdf" Name="Blood Bag ID Labels.pdf" ObjID="4065801163-36020-18557-186-150" DocRef="3304948028-61502-19558-144-253.dat"/>
				<KnowledgeDocument Type="png" Name="PatientSign_201811291209180190.png" ObjID="1864869348-35924-17823-144-6" DocRef="4151397430-12542-16414-174-24.dat"/>
			</KnowledgeDocuments>
			<KnowledgeFields>
				<Field Name="JobID" Value="1878311078-37681-18255-141-113"/>
				<Field Name="FormName" Value="New GP Patient Registration"/>
				<Field Name="UserHomeFolder" Value="\\NUAN-MOBAD01\HOME\Djorkie"/>
				<Field Name="UserEmail" Value="j.dielhoff@osn.nl"/>
				<Field Name="UserName" Value="djorkie"/>
				<Field Name="1stReg" Value=""/>
				<Field Name="3Months" Value=""/>
				<Field Name="Salutation" Value=""/>
				<Field Name="Surname" Value=""/>
				<Field Name="PrevSurname" Value=""/>
				<Field Name="Forenames" Value=""/>
				<Field Name="DateofBirth" Value=""/>
				<Field Name="Sex" Value=""/>
				<Field Name="NHSNo" Value=""/>
				<Field Name="CHI" Value=""/>
				<Field Name="Address1" Value=""/>
				<Field Name="Address2" Value=""/>
				<Field Name="Town" Value=""/>
				<Field Name="County" Value=""/>
				<Field Name="Postcode" Value=""/>
				<Field Name="Phone" Value=""/>
				<Field Name="Mobile" Value=""/>
				<Field Name="Email" Value=""/>
				<Field Name="PrevDrName" Value=""/>
				<Field Name="PrevDrPractice" Value=""/>
				<Field Name="PrevDrAddress" Value=""/>
				<Field Name="PrevDrTown" Value=""/>
				<Field Name="PrevDrPostCode" Value=""/>
				<Field Name="PrevAddress1" Value=""/>
				<Field Name="PrevAddress2" Value=""/>
				<Field Name="PrevTown" Value=""/>
				<Field Name="PrevCounty" Value=""/>
				<Field Name="PrevPostCode" Value=""/>
				<Field Name="DateCame" Value=""/>
				<Field Name="DateLeave" Value=""/>
				<Field Name="RecentResidence" Value=""/>
				<Field Name="AFServiceNo" Value="Hshsh"/>
				<Field Name="AFEnlistDate" Value="11-29-2018"/>
				<Field Name="AFReservist" Value="No"/>
				<Field Name="AFLeaveDate" Value=""/>
				<Field Name="AF1stReg" Value=""/>
				<Field Name="AFPriorAddress" Value=""/>
				<Field Name="AFPriorPostCode" Value=""/>
				<Field Name="Identification" Value="Other"/>
			</KnowledgeFields>
		</KnowledgeObject>
	</KnowledgeObjects>
</AutoStore>
