<?xml version="1.0" encoding="utf-8"?>
<AutoStore NSI_SIG2="84055E2FB6E7EE4E7C076832F5CD5FC1C383886D08B7E61F816436EAE3ED4C437D5F370E42E2B899F74FBC20DED14922">
	<Header Version="2" DateCreated="2018-05-24" TimeCreated="00:12:57" AUTHOR="" COMMENTS=""/>
	<KnowledgeObjects ObjID="3355170294-1848-17106-173-162">
		<KnowledgeObject ObjID="97043324-23124-17420-178-74">
			<KnowledgeDocuments>
				<KnowledgeDocument Type="m4a" Name="Voice 006.m4a" ObjID="2527671583-29791-18705-141-35" DocRef="1905247953-58158-18814-191-204.dat"/>
			</KnowledgeDocuments>
			<KnowledgeFields>
				<Field Name="DocClass" Value="Not Found"/>
				<Field Name="UserName" Value="terry"/>
				<Field Name="UserEmail" Value="terry.amyott@ricoh.ca"/>
				<Field Name="UserHomeFolder" Value="\\NUAN-MOBAD01\HOME\Terry"/>
				<Field Name="FormName" Value="Classification Example"/>
				<Field Name="JobID" Value="97043324-23124-17420-178-74"/>
				<Field Name="Section" Value="Security and GDPR"/>
				<Field Name="RequestType" Value="Folder"/>
			</KnowledgeFields>
		</KnowledgeObject>
	</KnowledgeObjects>
</AutoStore>
