<?xml version="1.0" encoding="utf-8"?>
<AutoStore NSI_SIG2="52C328F3E76203E4354BB28F6DB983CE1100EEF77C80AC66129B58720EC77C58355A30286ABA02738F75A83B5B8E71D3">
	<Header Version="2" DateCreated="2019-06-09" TimeCreated="04:17:35" AUTHOR="" COMMENTS=""/>
	<KnowledgeObjects ObjID="2550011956-37907-19957-139-246">
		<KnowledgeObject ObjID="2214416699-6624-16704-132-163">
			<KnowledgeDocuments>
				<KnowledgeDocument Type="m3u" Name="Protected File - 00001.m3u" ObjID="3053597603-59985-17220-183-25" DocRef="428025253-42906-17422-168-108.dat"/>
			</KnowledgeDocuments>
			<KnowledgeFields>
				<Field Name="DocClass" Value="Not Found"/>
				<Field Name="UserName" Value="Xodice"/>
				<Field Name="UserEmail" Value="Nparillo@ssdvermont.com"/>
				<Field Name="UserHomeFolder" Value="\\NUAN-MOBAD01\HOME\Xodice"/>
				<Field Name="FormName" Value="Classification Example"/>
				<Field Name="JobID" Value="2214416699-6624-16704-132-163"/>
				<Field Name="Section" Value="Security and GDPR"/>
				<Field Name="RequestType" Value="Email"/>
			</KnowledgeFields>
		</KnowledgeObject>
	</KnowledgeObjects>
</AutoStore>
