<?xml version="1.0" encoding="utf-8"?>
<AutoStore NSI_SIG2="6A81E432A182AF7945E7B4125DD6F5A5B1CBA841D7AF0EB69B4F33FD99AD82642997083E84E91133A7AE2CA26C4CEC61">
	<Header Version="2" DateCreated="2020-02-21" TimeCreated="08:56:04" AUTHOR="" COMMENTS=""/>
	<KnowledgeObjects ObjID="2834988056-55860-16427-172-37">
		<KnowledgeObject ObjID="978969731-64341-18512-165-4">
			<KnowledgeDocuments>
				<KnowledgeDocument Type="pdf" Name="PatientBooking.pdf" ObjID="2938613195-59099-19093-143-84" DocRef="427208784-35455-18947-166-36.dat"/>
			</KnowledgeDocuments>
			<KnowledgeFields>
				<Field Name="PatientName" Value="Test"/>
				<Field Name="PatientNumber" Value="1234"/>
				<Field Name="PatientAddress" Value="1212 Main St"/>
				<Field Name="PatientDOB" Value="01012010"/>
				<Field Name="Consultant" Value="Test"/>
				<Field Name="DateSeen" Value="2/20/2020"/>
				<Field Name="PatientHeight" Value=""/>
				<Field Name="PatientWeight" Value=""/>
				<Field Name="PatientBMI" Value=""/>
				<Field Name="Procedure" Value=""/>
				<Field Name="Side" Value=""/>
				<Field Name="Additional" Value=""/>
				<Field Name="SurgicalTime" Value=""/>
				<Field Name="DVT" Value=""/>
				<Field Name="Priority" Value=""/>
				<Field Name="TCIDate" Value=""/>
				<Field Name="SurgeryType" Value=""/>
				<Field Name="Anaesthetic" Value=""/>
				<Field Name="Xray" Value=""/>
				<Field Name="FrozenSection" Value=""/>
				<Field Name="OtherResources" Value=""/>
				<Field Name="Implants" Value=""/>
				<Field Name="JobId" Value="978969731-64341-18512-165-4"/>
				<Field Name="FormName" Value="Patient Booking Form"/>
				<Field Name="UserName" Value="pdearborn"/>
				<Field Name="UserEmail" Value="phillip.dearborn@ricoh-usa.com"/>
				<Field Name="UserHomeFolder" Value="\\US01VMBCMD01\HOME\pdearborn"/>
				<Field Name="Section" Value="HealthCare\Patient Registration"/>
				<Field Name="RenameSchema" Value="Patient Booking - Test"/>
			</KnowledgeFields>
		</KnowledgeObject>
	</KnowledgeObjects>
</AutoStore>
