<?xml version="1.0" encoding="utf-8"?>
<AutoStore NSI_SIG2="2F7A58303C4943EFEEF25D321ECE74B05E2897B5EEB4FC4A60BC2747F88729DC51AC451BCAC9A5155240A9CDF43EB185">
	<Header Version="2" DateCreated="2019-05-05" TimeCreated="04:28:21" AUTHOR="" COMMENTS=""/>
	<KnowledgeObjects ObjID="2193382431-34505-19201-160-253">
		<KnowledgeObject ObjID="1651779137-51671-17272-165-230">
			<KnowledgeDocuments>
				<KnowledgeDocument Type="ics" Name="Part 1.3.ics" ObjID="191507751-33580-17756-182-10" DocRef="4248879920-11197-18696-140-13.dat"/>
				<KnowledgeDocument Type="png" Name="Signature_201905050428127126.png" ObjID="3998560336-29930-18493-129-248" DocRef="1975033754-5355-16516-170-207.dat"/>
			</KnowledgeDocuments>
			<KnowledgeFields>
				<Field Name="DeliveryTime" Value="04:28"/>
				<Field Name="DeliveryDate" Value="05/05/2019"/>
				<Field Name="Driver" Value="Xodice"/>
				<Field Name="SignatureName" Value="Cliff keen 1992"/>
				<Field Name="DeliveryID" Value="9780785252504"/>
				<Field Name="Surname" Value=""/>
				<Field Name="Firstname" Value=""/>
				<Field Name="Address" Value=""/>
				<Field Name="Postcode" Value=""/>
				<Field Name="Signature" Value="C:\Nuance\MobileDemo\Home\WebCapture\WORK\91d9546d-18e8-4875-ba4c-6a45345af2a6\Signature_201905050428127126.png"/>
				<Field Name="GPS" Value="43.29982066940602, -72.47392024789846"/>
				<Field Name="UserName" Value="Xodice"/>
				<Field Name="UserEmail" Value="Nparillo@ssdvermont.com"/>
				<Field Name="UserHomeFolder" Value="\\NUAN-MOBAD01\HOME\Xodice"/>
				<Field Name="FormName" Value="Delivery Acceptance"/>
				<Field Name="JobID" Value="1651779137-51671-17272-165-230"/>
			</KnowledgeFields>
		</KnowledgeObject>
	</KnowledgeObjects>
</AutoStore>
