<?xml version="1.0" encoding="utf-8"?>
<AutoStore NSI_SIG2="048AF8939E6BF08DF9D048D920C047B35C3E1BE75F380BACA9D2E0128BC13DF8C51721AF96330A5646D50250210D2092">
	<Header Version="2" DateCreated="2018-11-13" TimeCreated="12:49:11" AUTHOR="" COMMENTS=""/>
	<KnowledgeObjects ObjID="2966532381-4519-16841-190-147">
		<KnowledgeObject ObjID="3706840698-22701-18945-183-209">
			<KnowledgeDocuments>
				<KnowledgeDocument Type="pdf" Name="POD-Address Labels.pdf" ObjID="323967476-47612-20219-140-58" DocRef="2895276723-1473-18445-148-220.dat"/>
			</KnowledgeDocuments>
			<KnowledgeFields>
				<Field Name="CarReg" Value="VWEKP"/>
				<Field Name="Visiting" Value="10002     "/>
				<Field Name="Company" Value="Itec"/>
				<Field Name="Forename" Value="Alex"/>
				<Field Name="Surname" Value="Morgan"/>
				<Field Name="Section" Value="Visitor Book"/>
				<Field Name="UserFullName" Value="alex.morgan alex.morgan"/>
				<Field Name="UserHomeFolder" Value="~WCC::User,%homeDiretory%~"/>
				<Field Name="UserEmail" Value="zackandzizi@gmail.com"/>
				<Field Name="UserName" Value="alex.morgan"/>
				<Field Name="JobID" Value="3706840698-22701-18945-183-209"/>
				<Field Name="FormName" Value="Visitor Check In"/>
				<Field Name="BadgeNumber" Value="007"/>
			</KnowledgeFields>
		</KnowledgeObject>
	</KnowledgeObjects>
</AutoStore>
