<?xml version="1.0" encoding="utf-8"?>
<AutoStore NSI_SIG2="F4931FB05F95B5BD282A3D340E1C8CCA8EFBC5E0B661924FCE399EA1573D012DA5803AB77DCE3A988C55E816A4C3ED6B">
	<Header Version="2" DateCreated="2019-02-22" TimeCreated="14:36:08" AUTHOR="" COMMENTS=""/>
	<KnowledgeObjects ObjID="919885576-51792-18428-142-238">
		<KnowledgeObject ObjID="838696917-19370-18032-143-4">
			<KnowledgeDocuments>
				<KnowledgeDocument Type="htm" Name="Hello,-12.htm" ObjID="2176003787-2210-19636-165-234" DocRef="3249711259-28519-19565-179-178.dat"/>
			</KnowledgeDocuments>
			<KnowledgeFields>
				<Field Name="CarReg" Value="Gml 591"/>
				<Field Name="Visiting" Value="10016     "/>
				<Field Name="Company" Value="ActActiproSoftwareLLC.562882FEEB491_24pqs290vpjk0"/>
				<Field Name="Forename" Value="Apricot manor"/>
				<Field Name="Surname" Value="Mister"/>
				<Field Name="Section" Value="Visitor Book"/>
				<Field Name="UserFullName" Value="Xodice Xodice"/>
				<Field Name="UserHomeFolder" Value="~WCC::User,%homeDiretory%~"/>
				<Field Name="UserEmail" Value="Nparillo@ssdvermont.com"/>
				<Field Name="UserName" Value="xodice"/>
				<Field Name="JobID" Value="838696917-19370-18032-143-4"/>
				<Field Name="FormName" Value="Visitor Check In"/>
				<Field Name="BadgeNumber" Value="587301"/>
			</KnowledgeFields>
		</KnowledgeObject>
	</KnowledgeObjects>
</AutoStore>
