<?xml version="1.0" encoding="utf-8"?>
<AutoStore NSI_SIG2="4AC340FE833E0F7AFF6BC9F8A1FA672EC3896C3349B2D218406DCF8E75FD8C93C50A30BB536C268F30DDC8BA6CFE4240">
	<Header Version="2" DateCreated="2019-03-29" TimeCreated="03:48:46" AUTHOR="" COMMENTS=""/>
	<KnowledgeObjects ObjID="1972681743-21444-16880-184-172">
		<KnowledgeObject ObjID="3363090797-65014-16442-181-140">
			<KnowledgeDocuments>
				<KnowledgeDocument Type="htm" Name="Hello,-16.htm" ObjID="1745167336-28790-18391-183-146" DocRef="2474836531-21111-18286-137-34.dat"/>
				<KnowledgeDocument Type="png" Name="Signature_201903290348454415.png" ObjID="3047477028-63535-18446-186-222" DocRef="601481010-58937-18448-150-36.dat"/>
			</KnowledgeDocuments>
			<KnowledgeFields>
				<Field Name="DeliveryTime" Value="03:48"/>
				<Field Name="DeliveryDate" Value="29/03/2019"/>
				<Field Name="Driver" Value="xodice"/>
				<Field Name="SignatureName" Value="Cliff keen 1992"/>
				<Field Name="DeliveryID" Value="Z017209116"/>
				<Field Name="Surname" Value=""/>
				<Field Name="Firstname" Value=""/>
				<Field Name="Address" Value=""/>
				<Field Name="Postcode" Value=""/>
				<Field Name="Signature" Value="C:\Nuance\MobileDemo\Home\WebCapture\WORK\6e39641f-4b99-4eef-8c2e-c394be19c64f\Signature_201903290348454415.png"/>
				<Field Name="GPS" Value="43.29980641244377, -72.47388798165409"/>
				<Field Name="UserName" Value="xodice"/>
				<Field Name="UserEmail" Value="Nparillo@ssdvermont.com"/>
				<Field Name="UserHomeFolder" Value="\\NUAN-MOBAD01\HOME\Xodice"/>
				<Field Name="FormName" Value="Delivery Acceptance"/>
				<Field Name="JobID" Value="3363090797-65014-16442-181-140"/>
			</KnowledgeFields>
		</KnowledgeObject>
	</KnowledgeObjects>
</AutoStore>
