<?xml version="1.0" encoding="utf-8"?>
<AutoStore NSI_SIG2="D7B8657B75309DA6C257148DC4176E4CB91316BE32744157C69752D4AFAAE5BA70AB2F9A376A6C8D1A56601239E1825E">
	<Header Version="2" DateCreated="2020-03-11" TimeCreated="11:40:30" AUTHOR="" COMMENTS=""/>
	<KnowledgeObjects ObjID="2885732579-32704-19296-129-242">
		<KnowledgeObject ObjID="4185045871-29464-16470-162-120">
			<KnowledgeDocuments>
				<KnowledgeDocument Type="pdf" Name="5.pdf" ObjID="3750442734-33903-17775-138-214" DocRef="2877570382-30653-20348-133-199.dat"/>
				<KnowledgeDocument Type="pdf" Name="RequestDetails.pdf" ObjID="469635410-54072-17453-153-54" DocRef="1540317075-26322-20474-137-218.dat"/>
			</KnowledgeDocuments>
			<KnowledgeFields>
				<Field Name="AW" Value="No"/>
				<Field Name="QC" Value="No"/>
				<Field Name="WC" Value="No"/>
				<Field Name="AX" Value="No"/>
				<Field Name="AC" Value="No"/>
				<Field Name="OF" Value="No"/>
				<Field Name="BC" Value="Yes"/>
				<Field Name="OM" Value="No"/>
				<Field Name="SC" Value="No"/>
				<Field Name="EQ" Value="No"/>
				<Field Name="EC" Value="No"/>
				<Field Name="Section" Value="Sales\Information Request"/>
				<Field Name="Products" Value="5"/>
				<Field Name="Consent" Value="1"/>
				<Field Name="MobileNumber" Value="Xxxxxxxx"/>
				<Field Name="PhoneNumber" Value="Xxxxxxx"/>
				<Field Name="EmailAddress" Value="John.fields@ Kofax.com"/>
				<Field Name="Company" Value="Nuance"/>
				<Field Name="JobTitle" Value="Sales"/>
				<Field Name="Fullname" Value="Daniel larabie"/>
				<Field Name="JobID" Value="4185045871-29464-16470-162-120"/>
				<Field Name="FormName" Value="Information Request"/>
				<Field Name="UserEmail" Value="daniel.larabie@kofax.com"/>
				<Field Name="UserHomeFolder" Value="\\US01VMBCMD01\HOME\daniel.larabie"/>
				<Field Name="UserName" Value="daniel.larabie"/>
			</KnowledgeFields>
		</KnowledgeObject>
	</KnowledgeObjects>
</AutoStore>
