<?xml version="1.0" encoding="utf-8"?>
<AutoStore NSI_SIG2="43BAC9B6F8A3587E1E5303D82F0E430B6F40FC6504E2729936F1C9A3EFFB4241ECE346E152C96A63FA47B29455059A31">
	<Header Version="2" DateCreated="2019-06-25" TimeCreated="15:58:45" AUTHOR="" COMMENTS=""/>
	<KnowledgeObjects ObjID="3599329454-48709-18169-143-84">
		<KnowledgeObject ObjID="1022219463-44767-18286-147-215">
			<KnowledgeDocuments>
				<KnowledgeDocument Type="jpg" Name="1561478299875.jpg" ObjID="1606600198-955-16520-151-211" DocRef="1863405582-10397-17762-190-3.dat"/>
				<KnowledgeDocument Type="png" Name="Signature_201906251558452225.png" ObjID="4033400242-10795-16782-141-187" DocRef="1329032606-41838-17689-152-204.dat"/>
			</KnowledgeDocuments>
			<KnowledgeFields>
				<Field Name="DeliveryTime" Value="15:58"/>
				<Field Name="DeliveryDate" Value="25/06/2019"/>
				<Field Name="Driver" Value="jdfields1"/>
				<Field Name="SignatureName" Value="Fields"/>
				<Field Name="DeliveryID" Value="4567890123"/>
				<Field Name="Surname" Value="Hollings"/>
				<Field Name="Firstname" Value="Pat"/>
				<Field Name="Address" Value="52 High End Lane, Eccles, Manchester"/>
				<Field Name="Postcode" Value="M45 1XX"/>
				<Field Name="Signature" Value="C:\Nuance\MobileDemo\Home\WebCapture\WORK\d4c4c527-00b4-469f-988f-571e6a88f933\Signature_201906251558452225.png"/>
				<Field Name="GPS" Value="43.5438097, -79.697744"/>
				<Field Name="UserName" Value="jdfields1"/>
				<Field Name="UserEmail" Value="john.fields@kofax.com"/>
				<Field Name="UserHomeFolder" Value="\\NUAN-MOBAD01\HOME\jdfields1"/>
				<Field Name="FormName" Value="Delivery Acceptance"/>
				<Field Name="JobID" Value="1022219463-44767-18286-147-215"/>
			</KnowledgeFields>
		</KnowledgeObject>
	</KnowledgeObjects>
</AutoStore>
