<?xml version="1.0" encoding="utf-8"?>
<AutoStore NSI_SIG2="EA22A1F0D0304CECE190CA47C8057100BC67625F3B03CCF7FEB2C7CA526B1AC24002575A697571653A6A0FFF4809A102">
	<Header Version="2" DateCreated="2018-10-29" TimeCreated="07:21:36" AUTHOR="" COMMENTS=""/>
	<KnowledgeObjects ObjID="3096068476-30536-19874-174-62">
		<KnowledgeObject ObjID="1003196086-62393-16539-139-133">
			<KnowledgeDocuments>
				<KnowledgeDocument Type="pdf" Name="POD-Address Labels.pdf" ObjID="165198663-7345-19585-164-30" DocRef="2258860279-13732-20363-176-145.dat"/>
			</KnowledgeDocuments>
			<KnowledgeFields>
				<Field Name="DocClass" Value="Not Found"/>
				<Field Name="UserName" Value="michael.dooley"/>
				<Field Name="UserEmail" Value="michael.dooley@m2.uk.com"/>
				<Field Name="UserHomeFolder" Value="\\NUAN-MOBAD01\HOME\michael.dooley"/>
				<Field Name="FormName" Value="Classification Example"/>
				<Field Name="JobID" Value="1003196086-62393-16539-139-133"/>
				<Field Name="Section" Value="Security and GDPR"/>
				<Field Name="RequestType" Value="Folder"/>
			</KnowledgeFields>
		</KnowledgeObject>
	</KnowledgeObjects>
</AutoStore>
