<?xml version="1.0" encoding="utf-8"?>
<AutoStore NSI_SIG2="5298BABD9CC25A6F8931CB3054736F00D77C84BF31CFF4AE9CF983A46F21C16653624701D4F61F9DFB4B0D3A28826C87">
	<Header Version="2" DateCreated="2018-04-05" TimeCreated="11:43:55" AUTHOR="" COMMENTS=""/>
	<KnowledgeObjects ObjID="1121804387-28708-19487-131-158">
		<KnowledgeObject ObjID="137349370-5150-18841-146-40">
			<KnowledgeDocuments>
				<KnowledgeDocument Type="pdf" Name="Confirmation.pdf" ObjID="2667916639-41894-19673-180-186" DocRef="4003964245-43443-17222-150-103.dat"/>
			</KnowledgeDocuments>
			<KnowledgeFields>
				<Field Name="AssessorSignature" Value="C:\Nuance\MobileDemo\Home\WebCapture\WORK\ebf9995b-4271-4c11-a163-09599859130e\AssessorSignature_201711212050252276.png"/>
				<Field Name="AssessorName" Value="John Campbell-Higgens"/>
				<Field Name="Chargeable" Value="No"/>
				<Field Name="Type" Value="Leaking"/>
				<Field Name="Category" Value="Bath"/>
				<Field Name="Urgency" Value="Critical"/>
				<Field Name="VisitDate" Value="21/11/2017"/>
				<Field Name="PostCode" Value="Bl3"/>
				<Field Name="HouseNumber" Value="1234"/>
				<Field Name="RenameSchema" Value="Bl3-1234-Critical-Bath"/>
				<Field Name="Section" Value="Housing and Tenancies\Housing Associations"/>
				<Field Name="FormName" Value="Issue Assessment Form"/>
				<Field Name="JobID" Value="137349370-5150-18841-146-40"/>
				<Field Name="UserHomeFolder" Value="\\as-of360\users\Matt"/>
				<Field Name="UserEmail" Value=""/>
				<Field Name="UserName" Value="matt"/>
				<Field Name="FileCount" Value="1"/>
			</KnowledgeFields>
		</KnowledgeObject>
	</KnowledgeObjects>
</AutoStore>
