<?xml version="1.0" encoding="utf-8"?>
<AutoStore NSI_SIG2="2EBE841206F5CAFD4FAF5461A20D5EF6304999BDFB4F001785C9300439A5C87596C3A8056AF86E0C334320B4F5E2F24B">
	<Header Version="2" DateCreated="2019-01-12" TimeCreated="06:25:04" AUTHOR="" COMMENTS=""/>
	<KnowledgeObjects ObjID="3015798952-8744-19934-171-130">
		<KnowledgeObject ObjID="1322841995-21987-19444-128-10">
			<KnowledgeDocuments>
				<KnowledgeDocument Type="pdf" Name="POD_http___www.vmp.mobi_ford_101103058FD            _1.pdf" ObjID="3329843114-20460-16603-188-4" DocRef="677632101-24087-20292-132-166.dat"/>
				<KnowledgeDocument Type="png" Name="Signature_201901120625040870.png" ObjID="187292692-37425-16796-140-65" DocRef="3211742973-52684-19241-171-121.dat"/>
			</KnowledgeDocuments>
			<KnowledgeFields>
				<Field Name="DeliveryTime" Value="06:25"/>
				<Field Name="DeliveryDate" Value="12/01/2019"/>
				<Field Name="Driver" Value="xodice"/>
				<Field Name="SignatureName" Value="Bonus Wagneriel"/>
				<Field Name="DeliveryID" Value="0024300043208"/>
				<Field Name="Surname" Value=""/>
				<Field Name="Firstname" Value=""/>
				<Field Name="Address" Value=""/>
				<Field Name="Postcode" Value=""/>
				<Field Name="Signature" Value="C:\Nuance\MobileDemo\Home\WebCapture\WORK\7f898259-bf2d-47d1-a37a-9d0862057518\Signature_201901120625040870.png"/>
				<Field Name="GPS" Value="43.299757044389864, -72.47373238443669"/>
				<Field Name="UserName" Value="xodice"/>
				<Field Name="UserEmail" Value="Nparillo@ssdvermont.com"/>
				<Field Name="UserHomeFolder" Value="\\NUAN-MOBAD01\HOME\Xodice"/>
				<Field Name="FormName" Value="Delivery Acceptance"/>
				<Field Name="JobID" Value="1322841995-21987-19444-128-10"/>
			</KnowledgeFields>
		</KnowledgeObject>
	</KnowledgeObjects>
</AutoStore>
