<?xml version="1.0" encoding="utf-8"?>
<AutoStore NSI_SIG2="1FE50B63C4604997A746472404249C3A3B7FA9B5D6DB7D3D58F15CD73168B40886613F8C5AD586C39D85653542CAAD9E">
	<Header Version="2" DateCreated="2020-01-21" TimeCreated="19:27:58" AUTHOR="" COMMENTS=""/>
	<KnowledgeObjects ObjID="2133232190-1318-17551-176-248">
		<KnowledgeObject ObjID="3263848937-14876-20350-134-91">
			<KnowledgeDocuments>
				<KnowledgeDocument Type="png" Name="Signed_202001211927247639.png" ObjID="2184368212-55211-17932-161-166" DocRef="1294607536-36052-18930-175-33.dat"/>
				<KnowledgeDocument Type="TXT" Name="TimeSheet.TXT" ObjID="3942086190-15363-17126-144-214" DocRef="2839118707-56004-19850-167-171.dat"/>
				<KnowledgeDocument Type="PDF" Name="TimeSheet.PDF" ObjID="1845435427-19959-17404-174-54" DocRef="137406893-35767-20408-159-217.dat"/>
			</KnowledgeDocuments>
			<KnowledgeFields>
				<Field Name="ContractorName" Value="~WCC::User,%displayName%~"/>
				<Field Name="Signature" Value="C:\Kofax\MobileDemo\Home\WebCapture\WORK\63d4bc66-8c34-4182-9a6b-c1622ee4a1b7\Signed_202001211927247639.png"/>
				<Field Name="ContractorID" Value="jesaaved"/>
				<Field Name="FriHours" Value="09:00"/>
				<Field Name="FriEnd" Value="5pm"/>
				<Field Name="FriStart" Value="8am"/>
				<Field Name="ThuHours" Value="09:00"/>
				<Field Name="ThuEnd" Value="5pm"/>
				<Field Name="ThuStart" Value="8am"/>
				<Field Name="WedHours" Value="09:00"/>
				<Field Name="WedEnd" Value="5pm"/>
				<Field Name="WedStart" Value="8am"/>
				<Field Name="TueHours" Value="09:00"/>
				<Field Name="TueEnd" Value="5pm"/>
				<Field Name="TueStart" Value="8am"/>
				<Field Name="MonHours" Value="09:00"/>
				<Field Name="MonEnd" Value="5pm"/>
				<Field Name="MonStart" Value="8am"/>
				<Field Name="WeekEnding" Value="21-01-2020"/>
				<Field Name="TimeSheetID" Value="0000281"/>
				<Field Name="TotalHours" Value="45:00"/>
				<Field Name="Submitted" Value="21-01-2020"/>
				<Field Name="UserName" Value="jesaaved"/>
				<Field Name="UserEmail" Value="james.saavedra@kofax.com"/>
				<Field Name="UserHomeFolder" Value="\\US01VMBCMD01\HOME\jesaaved"/>
				<Field Name="FormName" Value="Submit TimeSheet"/>
				<Field Name="JobID" Value="3263848937-14876-20350-134-91"/>
			</KnowledgeFields>
		</KnowledgeObject>
	</KnowledgeObjects>
</AutoStore>
