<?xml version="1.0" encoding="utf-8"?>
<AutoStore NSI_SIG2="776DDD5CCE4D98A090AA4936B28E777BD4EF058770ED61AF756CB0710DE8B65F257E26D3D48E9064D30FE225A9C930B6">
	<Header Version="2" DateCreated="2019-07-30" TimeCreated="14:23:13" AUTHOR="" COMMENTS=""/>
	<KnowledgeObjects ObjID="4218340378-38113-18750-191-172">
		<KnowledgeObject ObjID="2797088529-2673-18953-136-64">
			<KnowledgeDocuments>
				<KnowledgeDocument Type="htm" Name="Commercial-Terms.htm" ObjID="2081577539-47864-16825-155-199" DocRef="3427480618-56657-17761-168-78.dat"/>
				<KnowledgeDocument Type="png" Name="Signature_201907301423134076.png" ObjID="517877703-41428-20244-139-110" DocRef="1939869904-27906-17636-162-171.dat"/>
			</KnowledgeDocuments>
			<KnowledgeFields>
				<Field Name="DeliveryTime" Value="14:23"/>
				<Field Name="DeliveryDate" Value="30/07/2019"/>
				<Field Name="Driver" Value="Xodice"/>
				<Field Name="SignatureName" Value="Cliff keen 1992"/>
				<Field Name="DeliveryID" Value="1-0-8791492R"/>
				<Field Name="Surname" Value=""/>
				<Field Name="Firstname" Value=""/>
				<Field Name="Address" Value=""/>
				<Field Name="Postcode" Value=""/>
				<Field Name="Signature" Value="C:\Nuance\MobileDemo\Home\WebCapture\WORK\11aa977d-282a-4a99-837c-350d12d0d893\Signature_201907301423134076.png"/>
				<Field Name="GPS" Value="43.30002384681697, -72.4737198627492"/>
				<Field Name="UserName" Value="Xodice"/>
				<Field Name="UserEmail" Value="Nparillo@ssdvermont.com"/>
				<Field Name="UserHomeFolder" Value="\\NUAN-MOBAD01\HOME\Xodice"/>
				<Field Name="FormName" Value="Delivery Acceptance"/>
				<Field Name="JobID" Value="2797088529-2673-18953-136-64"/>
			</KnowledgeFields>
		</KnowledgeObject>
	</KnowledgeObjects>
</AutoStore>
