<?xml version="1.0" encoding="utf-8"?>
<AutoStore NSI_SIG2="1416CF7F472EAD8B40B5A623BA838F6B2E17C049842CD1C7899F3875DB9ADF5963181C17DE525CCA9A24ECED1ECD27D8">
	<Header Version="2" DateCreated="2019-07-21" TimeCreated="03:03:40" AUTHOR="" COMMENTS=""/>
	<KnowledgeObjects ObjID="1881596804-10969-16771-136-78">
		<KnowledgeObject ObjID="2696082291-10977-18274-128-74">
			<KnowledgeDocuments>
				<KnowledgeDocument Type="eml" Name="Kofax Business Connect Example Send to Email.eml" ObjID="3313575945-39528-19464-185-29" DocRef="3203037656-4805-16839-158-36.dat"/>
				<KnowledgeDocument Type="png" Name="Signature_201907210303400644.png" ObjID="2246699979-40767-17136-183-66" DocRef="3501465050-9577-20398-150-99.dat"/>
			</KnowledgeDocuments>
			<KnowledgeFields>
				<Field Name="DeliveryTime" Value="03:03"/>
				<Field Name="DeliveryDate" Value="21/07/2019"/>
				<Field Name="Driver" Value="Xodice"/>
				<Field Name="SignatureName" Value="Cliff keen 1992"/>
				<Field Name="DeliveryID" Value="0079200472146"/>
				<Field Name="Surname" Value=""/>
				<Field Name="Firstname" Value=""/>
				<Field Name="Address" Value=""/>
				<Field Name="Postcode" Value=""/>
				<Field Name="Signature" Value="C:\Nuance\MobileDemo\Home\WebCapture\WORK\22d44d19-04c7-45ec-b73d-5857ef6dce23\Signature_201907210303400644.png"/>
				<Field Name="GPS" Value="43.29983267018838, -72.4737425758352"/>
				<Field Name="UserName" Value="Xodice"/>
				<Field Name="UserEmail" Value="Nparillo@ssdvermont.com"/>
				<Field Name="UserHomeFolder" Value="\\NUAN-MOBAD01\HOME\Xodice"/>
				<Field Name="FormName" Value="Delivery Acceptance"/>
				<Field Name="JobID" Value="2696082291-10977-18274-128-74"/>
			</KnowledgeFields>
		</KnowledgeObject>
	</KnowledgeObjects>
</AutoStore>
