<?xml version="1.0" encoding="utf-8"?>
<AutoStore NSI_SIG2="5A4CAC844A52F7EB0502545CCA5D92B938BB94A6DDE4A41A5DAF3DBF3EE7B11BF8CB7D009E056EFED8DBB02870231967">
	<Header Version="2" DateCreated="2020-03-24" TimeCreated="04:16:39" AUTHOR="" COMMENTS=""/>
	<KnowledgeObjects ObjID="444200306-36026-19837-146-179">
		<KnowledgeObject ObjID="1889217241-17726-19740-167-76">
			<KnowledgeDocuments>
				<KnowledgeDocument Type="png" Name="Signed_202003240416010578.png" ObjID="2790416076-13138-17983-131-108" DocRef="1165568401-33970-17009-141-33.dat"/>
				<KnowledgeDocument Type="TXT" Name="TimeSheet.TXT" ObjID="2042955229-60787-16933-170-180" DocRef="1779320471-57638-19611-166-9.dat"/>
				<KnowledgeDocument Type="PDF" Name="TimeSheet.PDF" ObjID="1880785527-8800-17801-138-18" DocRef="2031974443-33855-16677-170-97.dat"/>
			</KnowledgeDocuments>
			<KnowledgeFields>
				<Field Name="ContractorName" Value="~WCC::User,%displayName%~"/>
				<Field Name="Signature" Value="C:\Kofax\MobileDemo\Home\WebCapture\WORK\4b27ce0c-18ef-4a78-8640-5dc93ed50fd2\Signed_202003240416010578.png"/>
				<Field Name="ContractorID" Value="HiggyUK"/>
				<Field Name="FriHours" Value="09:00"/>
				<Field Name="FriEnd" Value="17:00"/>
				<Field Name="FriStart" Value="08:00"/>
				<Field Name="ThuHours" Value="09:00"/>
				<Field Name="ThuEnd" Value="17:00"/>
				<Field Name="ThuStart" Value="08:00"/>
				<Field Name="WedHours" Value="09:00"/>
				<Field Name="WedEnd" Value="17:00"/>
				<Field Name="WedStart" Value="08:00"/>
				<Field Name="TueHours" Value="09:00"/>
				<Field Name="TueEnd" Value="17:00"/>
				<Field Name="TueStart" Value="08:00"/>
				<Field Name="MonHours" Value="09:00"/>
				<Field Name="MonEnd" Value="17:00"/>
				<Field Name="MonStart" Value="11:00"/>
				<Field Name="WeekEnding" Value="24-03-2020"/>
				<Field Name="TimeSheetID" Value="0000291"/>
				<Field Name="TotalHours" Value="45:00"/>
				<Field Name="Submitted" Value="24-03-2020"/>
				<Field Name="UserName" Value="HiggyUK"/>
				<Field Name="UserEmail" Value="john.campbellhiggens@kofax.com"/>
				<Field Name="UserHomeFolder" Value="\\US01VMBCMD01\HOME\HiggyUK"/>
				<Field Name="FormName" Value="Submit TimeSheet"/>
				<Field Name="JobID" Value="1889217241-17726-19740-167-76"/>
			</KnowledgeFields>
		</KnowledgeObject>
	</KnowledgeObjects>
</AutoStore>
