<?xml version="1.0" encoding="utf-8"?>
<AutoStore NSI_SIG2="806DF2E939D2FBE1EF0A137F2591BCBE67FF333E80863D4428BE38DC4DBD8AEF233641D3AAEFC79360CDF628194B9E77">
	<Header Version="2" DateCreated="2018-09-28" TimeCreated="19:04:38" AUTHOR="" COMMENTS=""/>
	<KnowledgeObjects ObjID="3895754361-32227-20052-165-116">
		<KnowledgeObject ObjID="163058498-9241-20312-138-39">
			<KnowledgeDocuments>
				<KnowledgeDocument Type="jpg" Name="1538161464870.jpg" ObjID="3542597353-27750-18655-161-37" DocRef="2137559341-62105-16440-171-103.dat"/>
				<KnowledgeDocument Type="png" Name="PatientSign_201809281904371875.png" ObjID="2964382624-6505-16673-149-138" DocRef="4122814180-9746-20012-140-13.dat"/>
			</KnowledgeDocuments>
			<KnowledgeFields>
				<Field Name="JobID" Value="163058498-9241-20312-138-39"/>
				<Field Name="FormName" Value="New GP Patient Registration"/>
				<Field Name="UserHomeFolder" Value="\\NUAN-MOBAD01\HOME\mjurecki"/>
				<Field Name="UserEmail" Value="marek.jurecki@ediko.pl"/>
				<Field Name="UserName" Value="mjurecki"/>
				<Field Name="1stReg" Value=""/>
				<Field Name="3Months" Value=""/>
				<Field Name="Salutation" Value=""/>
				<Field Name="Surname" Value=""/>
				<Field Name="PrevSurname" Value=""/>
				<Field Name="Forenames" Value=""/>
				<Field Name="DateofBirth" Value=""/>
				<Field Name="Sex" Value=""/>
				<Field Name="NHSNo" Value=""/>
				<Field Name="CHI" Value=""/>
				<Field Name="Address1" Value=""/>
				<Field Name="Address2" Value=""/>
				<Field Name="Town" Value=""/>
				<Field Name="County" Value=""/>
				<Field Name="Postcode" Value=""/>
				<Field Name="Phone" Value=""/>
				<Field Name="Mobile" Value=""/>
				<Field Name="Email" Value=""/>
				<Field Name="PrevDrName" Value=""/>
				<Field Name="PrevDrPractice" Value=""/>
				<Field Name="PrevDrAddress" Value=""/>
				<Field Name="PrevDrTown" Value=""/>
				<Field Name="PrevDrPostCode" Value=""/>
				<Field Name="PrevAddress1" Value=""/>
				<Field Name="PrevAddress2" Value=""/>
				<Field Name="PrevTown" Value=""/>
				<Field Name="PrevCounty" Value=""/>
				<Field Name="PrevPostCode" Value=""/>
				<Field Name="DateCame" Value=""/>
				<Field Name="DateLeave" Value=""/>
				<Field Name="RecentResidence" Value=""/>
				<Field Name="AFServiceNo" Value=""/>
				<Field Name="AFEnlistDate" Value=""/>
				<Field Name="AFReservist" Value=""/>
				<Field Name="AFLeaveDate" Value=""/>
				<Field Name="AF1stReg" Value=""/>
				<Field Name="AFPriorAddress" Value=""/>
				<Field Name="AFPriorPostCode" Value=""/>
				<Field Name="Identification" Value=""/>
			</KnowledgeFields>
		</KnowledgeObject>
	</KnowledgeObjects>
</AutoStore>
