<?xml version="1.0" encoding="utf-8"?>
<AutoStore NSI_SIG2="A535D0E600B28B714BE6CF4155A3542BB446457C754A62C847BFA5713D99CD7FC8A87D1349DAA50A33C7ADD18F1C668E">
	<Header Version="2" DateCreated="2019-07-22" TimeCreated="03:59:37" AUTHOR="" COMMENTS=""/>
	<KnowledgeObjects ObjID="1479468475-42358-18656-172-31">
		<KnowledgeObject ObjID="2793033567-31511-16696-155-44">
			<KnowledgeDocuments>
				<KnowledgeDocument Type="m3u" Name="Protected File - 00001.m3u" ObjID="2271391030-19429-19325-184-103" DocRef="635132806-59206-20252-132-73.dat"/>
				<KnowledgeDocument Type="png" Name="Signature_201907220359286897.png" ObjID="3138460663-40146-18030-151-148" DocRef="2920869756-39218-19114-166-94.dat"/>
			</KnowledgeDocuments>
			<KnowledgeFields>
				<Field Name="DeliveryTime" Value="03:59"/>
				<Field Name="DeliveryDate" Value="22/07/2019"/>
				<Field Name="Driver" Value="Xodice"/>
				<Field Name="SignatureName" Value="Cliff keen 1992"/>
				<Field Name="DeliveryID" Value="DBCONNECT;$.[)JYY;_N:&quot;$]yQGCrR?DKb"/>
				<Field Name="Surname" Value=""/>
				<Field Name="Firstname" Value=""/>
				<Field Name="Address" Value=""/>
				<Field Name="Postcode" Value=""/>
				<Field Name="Signature" Value="C:\Nuance\MobileDemo\Home\WebCapture\WORK\2d45b62b-c9fd-469a-a14f-988308f4687c\Signature_201907220359286897.png"/>
				<Field Name="GPS" Value="43.29981687858831, -72.47371165547807"/>
				<Field Name="UserName" Value="Xodice"/>
				<Field Name="UserEmail" Value="Nparillo@ssdvermont.com"/>
				<Field Name="UserHomeFolder" Value="\\NUAN-MOBAD01\HOME\Xodice"/>
				<Field Name="FormName" Value="Delivery Acceptance"/>
				<Field Name="JobID" Value="2793033567-31511-16696-155-44"/>
			</KnowledgeFields>
		</KnowledgeObject>
	</KnowledgeObjects>
</AutoStore>
