<?xml version="1.0" encoding="utf-8"?>
<AutoStore NSI_SIG2="AA932FC4027D25129C0E479D01DC1139EEBF865A401F26D2A2F4A4C07ADDAF52696BFF6840BA2543181EF4A413FE98AA">
	<Header Version="2" DateCreated="2020-01-07" TimeCreated="17:33:04" AUTHOR="" COMMENTS=""/>
	<KnowledgeObjects ObjID="4123359254-20159-18615-148-17">
		<KnowledgeObject ObjID="735827337-4296-18448-138-27">
			<KnowledgeDocuments>
				<KnowledgeDocument Type="png" Name="Signed_202001071732297627.png" ObjID="1807525510-47630-18344-155-185" DocRef="1193414137-63029-18191-178-247.dat"/>
				<KnowledgeDocument Type="TXT" Name="TimeSheet.TXT" ObjID="1534520111-10502-19903-175-220" DocRef="3154488234-34064-17036-130-124.dat"/>
				<KnowledgeDocument Type="PDF" Name="TimeSheet.PDF" ObjID="999173771-61530-17810-150-68" DocRef="8654086-24840-19721-153-197.dat"/>
			</KnowledgeDocuments>
			<KnowledgeFields>
				<Field Name="ContractorName" Value="~WCC::User,%displayName%~"/>
				<Field Name="Signature" Value="C:\Kofax\MobileDemo\Home\WebCapture\WORK\711ac09b-a7b3-48d7-a21f-a6a32c65b6a7\Signed_202001071732297627.png"/>
				<Field Name="ContractorID" Value="jesaaved"/>
				<Field Name="FriHours" Value="09:00"/>
				<Field Name="FriEnd" Value="5pm"/>
				<Field Name="FriStart" Value="8am"/>
				<Field Name="ThuHours" Value="09:00"/>
				<Field Name="ThuEnd" Value="5pm"/>
				<Field Name="ThuStart" Value="8am"/>
				<Field Name="WedHours" Value="09:00"/>
				<Field Name="WedEnd" Value="5pm"/>
				<Field Name="WedStart" Value="8am"/>
				<Field Name="TueHours" Value="09:00"/>
				<Field Name="TueEnd" Value="5pm"/>
				<Field Name="TueStart" Value="8am"/>
				<Field Name="MonHours" Value="09:00"/>
				<Field Name="MonEnd" Value="5pm"/>
				<Field Name="MonStart" Value="8am"/>
				<Field Name="WeekEnding" Value="31-12-2019"/>
				<Field Name="TimeSheetID" Value="0000277"/>
				<Field Name="TotalHours" Value="45:00"/>
				<Field Name="Submitted" Value="07-01-2020"/>
				<Field Name="UserName" Value="jesaaved"/>
				<Field Name="UserEmail" Value="james.saavedra@kofax.com"/>
				<Field Name="UserHomeFolder" Value="\\US01VMBCMD01\HOME\jesaaved"/>
				<Field Name="FormName" Value="Submit TimeSheet"/>
				<Field Name="JobID" Value="735827337-4296-18448-138-27"/>
			</KnowledgeFields>
		</KnowledgeObject>
	</KnowledgeObjects>
</AutoStore>
