<?xml version="1.0" encoding="utf-8"?>
<AutoStore NSI_SIG2="E31FFE09C28E4CF9882A5E84B191B1698D92FE9B03D4434152695F85EE089AC25CAECCBD9A5E97922A4D35CD27C72C58">
	<Header Version="2" DateCreated="2019-04-25" TimeCreated="15:25:58" AUTHOR="" COMMENTS=""/>
	<KnowledgeObjects ObjID="3937152933-18307-16432-150-83">
		<KnowledgeObject ObjID="3164484782-16563-19731-131-17">
			<KnowledgeDocuments>
				<KnowledgeDocument Type="m3u" Name="Protected File - 00001.m3u" ObjID="4000630947-41960-17406-164-47" DocRef="3645866929-52975-18318-171-131.dat"/>
				<KnowledgeDocument Type="png" Name="Signature_201904251525497041.png" ObjID="2546406296-48973-18212-162-47" DocRef="2521095570-3135-17253-184-12.dat"/>
			</KnowledgeDocuments>
			<KnowledgeFields>
				<Field Name="DeliveryTime" Value="15:25"/>
				<Field Name="DeliveryDate" Value="25/04/2019"/>
				<Field Name="Driver" Value="Xodice"/>
				<Field Name="SignatureName" Value="Cliff keen 1992"/>
				<Field Name="DeliveryID" Value="C7H3B-PWT8W-YBV92-M4FJM-G2XH7"/>
				<Field Name="Surname" Value=""/>
				<Field Name="Firstname" Value=""/>
				<Field Name="Address" Value=""/>
				<Field Name="Postcode" Value=""/>
				<Field Name="Signature" Value="C:\Nuance\MobileDemo\Home\WebCapture\WORK\9080c8b6-dd1c-407a-9829-94ec6c42db6e\Signature_201904251525497041.png"/>
				<Field Name="GPS" Value="43.29986353735337, -72.47392280785294"/>
				<Field Name="UserName" Value="Xodice"/>
				<Field Name="UserEmail" Value="Nparillo@ssdvermont.com"/>
				<Field Name="UserHomeFolder" Value="\\NUAN-MOBAD01\HOME\Xodice"/>
				<Field Name="FormName" Value="Delivery Acceptance"/>
				<Field Name="JobID" Value="3164484782-16563-19731-131-17"/>
			</KnowledgeFields>
		</KnowledgeObject>
	</KnowledgeObjects>
</AutoStore>
