<?xml version="1.0" encoding="utf-8"?>
<AutoStore NSI_SIG2="F7408A82FC945E32B71F2B1EEF44CB93577AE5995572448EFA77E726E47B614D0B9C5D578A4F231CB90C320853DD30BA">
	<Header Version="2" DateCreated="2020-01-22" TimeCreated="05:25:42" AUTHOR="" COMMENTS=""/>
	<KnowledgeObjects ObjID="2834006108-27758-16534-186-185">
		<KnowledgeObject ObjID="950175737-28063-19321-165-17">
			<KnowledgeDocuments>
				<KnowledgeDocument Type="pdf" Name="VehicleAcceptance.pdf" ObjID="1398658266-32821-17132-158-219" DocRef="3240580147-57640-18838-181-46.dat"/>
			</KnowledgeDocuments>
			<KnowledgeFields>
				<Field Name="JobID" Value="950175737-28063-19321-165-17"/>
				<Field Name="FormName" Value="Vehicle Acceptance Form"/>
				<Field Name="UserName" Value="peter.emmonds"/>
				<Field Name="UserEmail" Value="peter.emmonds@key-digital.co.uk"/>
				<Field Name="UserHomeFolder" Value="\\US01VMBCMD01\HOME\peter.emmonds"/>
				<Field Name="Section" Value="Fleet Management"/>
				<Field Name="RenameSchema" Value="-"/>
				<Field Name="FileCount" Value="0"/>
				<Field Name="Make" Value=""/>
				<Field Name="Model" Value=""/>
				<Field Name="RegNo" Value=""/>
				<Field Name="EngineSize" Value=""/>
				<Field Name="Fuel" Value=""/>
				<Field Name="Mileage" Value=""/>
				<Field Name="Driver" Value=""/>
				<Field Name="Branch" Value=""/>
				<Field Name="Position" Value=""/>
				<Field Name="EmailAddress" Value=""/>
				<Field Name="LicenseNumber" Value=""/>
				<Field Name="Radio" Value="No"/>
				<Field Name="WheelTrims" Value="No"/>
				<Field Name="Alloys" Value="No"/>
				<Field Name="ParcelShelf" Value="No"/>
				<Field Name="Spare" Value="No"/>
				<Field Name="ServiceBook" Value="No"/>
				<Field Name="GoodWorkingOrder" Value="No"/>
				<Field Name="CleanOutside" Value="No"/>
				<Field Name="CleanInside" Value="No"/>
				<Field Name="Bodywork" Value="No"/>
				<Field Name="BodyworkDamage" Value=""/>
				<Field Name="Wheels" Value="No"/>
				<Field Name="WheelDamage" Value=""/>
			</KnowledgeFields>
		</KnowledgeObject>
	</KnowledgeObjects>
</AutoStore>
