<?xml version="1.0" encoding="utf-8"?>
<AutoStore NSI_SIG2="705BE5DDDB14CBF88C0AD8181CAA5EF032208BB02C0FE5BA217FE5D2AFD173B127F8F188D529C6E85FF95C5AD7482784">
	<Header Version="2" DateCreated="2018-04-19" TimeCreated="07:43:01" AUTHOR="" COMMENTS=""/>
	<KnowledgeObjects ObjID="199317683-44626-16618-144-46">
		<KnowledgeObject ObjID="2643098573-28015-19006-137-140">
			<KnowledgeDocuments>
				<KnowledgeDocument Type="pdf" Name="HomeCareDailyRecord.pdf" ObjID="2011455905-53490-18895-188-226" DocRef="1457068200-45556-17829-133-90.dat"/>
			</KnowledgeDocuments>
			<KnowledgeFields>
				<Field Name="CareWorker" Value="Steve Strange"/>
				<Field Name="Medication" Value="No"/>
				<Field Name="Walker" Value="No"/>
				<Field Name="Assist" Value="No"/>
				<Field Name="Device" Value="No"/>
				<Field Name="Ambulation" Value="No"/>
				<Field Name="Diapers" Value="No"/>
				<Field Name="Ostomy" Value="No"/>
				<Field Name="Cath" Value="No"/>
				<Field Name="Bedpan" Value="No"/>
				<Field Name="Bedside" Value="No"/>
				<Field Name="Toilet" Value="No"/>
				<Field Name="Shaving" Value="No"/>
				<Field Name="Skincare" Value="No"/>
				<Field Name="Shampoo" Value="No"/>
				<Field Name="Oral" Value="No"/>
				<Field Name="BedBath" Value="No"/>
				<Field Name="Bath" Value="No"/>
				<Field Name="OtherDressing" Value="No"/>
				<Field Name="Assisted" Value="No"/>
				<Field Name="Self" Value="No"/>
				<Field Name="OtherTransferring" Value="No"/>
				<Field Name="Bedrest" Value="No"/>
				<Field Name="Chair" Value="No"/>
				<Field Name="Wheelchair" Value="No"/>
				<Field Name="AssistEating" Value="No"/>
				<Field Name="OfferFluids" Value="No"/>
				<Field Name="ServeMeals" Value="No"/>
				<Field Name="PrepareMeals" Value="No"/>
				<Field Name="VisitEndTime" Value="7"/>
				<Field Name="VisitStartTime" Value="6.00"/>
				<Field Name="VisitDate" Value="4/19/2018"/>
				<Field Name="DOB" Value="03-17-1965"/>
				<Field Name="Forename" Value="Karl"/>
				<Field Name="Surname" Value="Peters"/>
				<Field Name="PatientID" Value="P65100006"/>
				<Field Name="RenameSchema" Value="Patient Visit - Peters-Karl"/>
				<Field Name="Section" Value="HealthCare\Point of Care"/>
				<Field Name="JobID" Value="2643098573-28015-19006-137-140"/>
				<Field Name="FormName" Value="Home Care Daily Activity Record"/>
				<Field Name="UserHomeFolder" Value=""/>
				<Field Name="UserEmail" Value="steve.strange@nuance.com"/>
				<Field Name="UserName" Value="steve"/>
				<Field Name="FileCount" Value="1"/>
			</KnowledgeFields>
		</KnowledgeObject>
	</KnowledgeObjects>
</AutoStore>
