<?xml version="1.0" encoding="utf-8"?>
<AutoStore NSI_SIG2="6C16381D7F2C987213A41B51DA572B207961C4CE2EFAB38BD9B6D3903E47F31D9605F98AF794DDB969011E9BA785CCD7">
	<Header Version="2" DateCreated="2019-06-15" TimeCreated="19:06:41" AUTHOR="" COMMENTS=""/>
	<KnowledgeObjects ObjID="2301059075-19089-19771-178-225">
		<KnowledgeObject ObjID="347406448-59118-19168-128-13">
			<KnowledgeDocuments>
				<KnowledgeDocument Type="m3u" Name="Protected File - 00001.m3u" ObjID="3374158562-15644-19076-191-34" DocRef="524580893-18825-16510-146-44.dat"/>
				<KnowledgeDocument Type="png" Name="Signature_201906151906414722.png" ObjID="1589612470-48132-20051-145-102" DocRef="269564928-29940-16845-148-63.dat"/>
			</KnowledgeDocuments>
			<KnowledgeFields>
				<Field Name="DeliveryTime" Value="19:06"/>
				<Field Name="DeliveryDate" Value="15/06/2019"/>
				<Field Name="Driver" Value="Xodice"/>
				<Field Name="SignatureName" Value="Cliff keen 1992"/>
				<Field Name="DeliveryID" Value="http://appinventor.googlelabs.com/ode/download/project-output/7404/Android"/>
				<Field Name="Surname" Value=""/>
				<Field Name="Firstname" Value=""/>
				<Field Name="Address" Value=""/>
				<Field Name="Postcode" Value=""/>
				<Field Name="Signature" Value="C:\Nuance\MobileDemo\Home\WebCapture\WORK\aa38b7e6-2b42-451d-873f-c26963dba358\Signature_201906151906414722.png"/>
				<Field Name="GPS" Value="43.29987443462748, -72.4738754352016"/>
				<Field Name="UserName" Value="Xodice"/>
				<Field Name="UserEmail" Value="Nparillo@ssdvermont.com"/>
				<Field Name="UserHomeFolder" Value="\\NUAN-MOBAD01\HOME\Xodice"/>
				<Field Name="FormName" Value="Delivery Acceptance"/>
				<Field Name="JobID" Value="347406448-59118-19168-128-13"/>
			</KnowledgeFields>
		</KnowledgeObject>
	</KnowledgeObjects>
</AutoStore>
