<?xml version="1.0" encoding="utf-8"?>
<AutoStore NSI_SIG2="9D1261997EE52B04874C12A7EDE03474892E2C034F2463E08AD470353E40CE2053A71921283E3B1F5127FA039EBB53B3">
	<Header Version="2" DateCreated="2018-09-26" TimeCreated="14:41:05" AUTHOR="" COMMENTS=""/>
	<KnowledgeObjects ObjID="1099478346-57369-17586-129-117">
		<KnowledgeObject ObjID="3776977157-41978-18358-180-58">
			<KnowledgeDocuments>
				<KnowledgeDocument Type="pdf" Name="CCRC.pdf" ObjID="272792604-13550-17236-149-179" DocRef="1806277030-17032-18836-189-79.dat"/>
			</KnowledgeDocuments>
			<KnowledgeFields>
				<Field Name="CarReg" Value=""/>
				<Field Name="Visiting" Value="10003     "/>
				<Field Name="Company" Value="O"/>
				<Field Name="Forename" Value="I"/>
				<Field Name="Surname" Value="O"/>
				<Field Name="Section" Value="Visitor Book"/>
				<Field Name="UserFullName" Value="jesaaved1 jesaaved1"/>
				<Field Name="UserHomeFolder" Value="~WCC::User,%homeDiretory%~"/>
				<Field Name="UserEmail" Value="james.saavedra@hotmail.com"/>
				<Field Name="UserName" Value="jesaaved1"/>
				<Field Name="JobID" Value="3776977157-41978-18358-180-58"/>
				<Field Name="FormName" Value="Visitor Check In"/>
				<Field Name="BadgeNumber" Value="H"/>
			</KnowledgeFields>
		</KnowledgeObject>
	</KnowledgeObjects>
</AutoStore>
