<?xml version="1.0" encoding="utf-8"?>
<AutoStore NSI_SIG2="1410D2BA0E980F4A7DE0052A62E63A5BC6FB79CAA210C35A9A1362DED363D01A45A5DBA4DA4861CDCBC1EE74ADF76032">
	<Header Version="2" DateCreated="2019-05-16" TimeCreated="23:46:48" AUTHOR="" COMMENTS=""/>
	<KnowledgeObjects ObjID="2503882177-60626-18872-170-59">
		<KnowledgeObject ObjID="657695338-58238-18759-156-78">
			<KnowledgeDocuments>
				<KnowledgeDocument Type="jpg" Name="1558050393945.jpg" ObjID="815540493-3494-20399-138-148" DocRef="3453307692-11932-19336-153-199.dat"/>
				<KnowledgeDocument Type="png" Name="Signature_201905162346483484.png" ObjID="4245132999-57535-20001-181-133" DocRef="4086059532-26641-16776-170-208.dat"/>
			</KnowledgeDocuments>
			<KnowledgeFields>
				<Field Name="DeliveryTime" Value="23:46"/>
				<Field Name="DeliveryDate" Value="16/05/2019"/>
				<Field Name="Driver" Value="gjohal"/>
				<Field Name="SignatureName" Value="davis"/>
				<Field Name="DeliveryID" Value="3456789012"/>
				<Field Name="Surname" Value="Smith"/>
				<Field Name="Firstname" Value="Sam"/>
				<Field Name="Address" Value="3 The Cottages, Worsley, Manchester"/>
				<Field Name="Postcode" Value="M32 5TQ"/>
				<Field Name="Signature" Value="C:\Nuance\MobileDemo\Home\WebCapture\WORK\109ecef3-01ee-42ff-8bf9-2e19abe76f1a\Signature_201905162346483484.png"/>
				<Field Name="GPS" Value="53.9145165, -122.7441132"/>
				<Field Name="UserName" Value="gjohal"/>
				<Field Name="UserEmail" Value="gary.johal@ricoh.ca"/>
				<Field Name="UserHomeFolder" Value="\\NUAN-MOBAD01\HOME\gjohal"/>
				<Field Name="FormName" Value="Delivery Acceptance"/>
				<Field Name="JobID" Value="657695338-58238-18759-156-78"/>
			</KnowledgeFields>
		</KnowledgeObject>
	</KnowledgeObjects>
</AutoStore>
