<?xml version="1.0" encoding="utf-8"?>
<AutoStore NSI_SIG2="8F4CDC60DA6AE6AD91C7F8E7C3A056B79934F2B4E922E9FB17F8A6F08BBCFEF3DD72EDED6DD8935A181FD175DB2F4198">
	<Header Version="2" DateCreated="2019-06-11" TimeCreated="04:38:22" AUTHOR="" COMMENTS=""/>
	<KnowledgeObjects ObjID="504555012-54772-19366-139-43">
		<KnowledgeObject ObjID="1789165502-56158-19753-163-13">
			<KnowledgeDocuments>
				<KnowledgeDocument Type="m3u" Name="Protected File - 00001.m3u" ObjID="4139000513-11536-16739-183-90" DocRef="2171358687-74-19437-138-157.dat"/>
				<KnowledgeDocument Type="png" Name="Signature_201906110438221371.png" ObjID="487756553-4909-18164-174-171" DocRef="1088464608-57232-17594-135-207.dat"/>
			</KnowledgeDocuments>
			<KnowledgeFields>
				<Field Name="DeliveryTime" Value="04:38"/>
				<Field Name="DeliveryDate" Value="11/06/2019"/>
				<Field Name="Driver" Value="Xodice"/>
				<Field Name="SignatureName" Value="Cliff keen 1992"/>
				<Field Name="DeliveryID" Value="0038000199226"/>
				<Field Name="Surname" Value=""/>
				<Field Name="Firstname" Value=""/>
				<Field Name="Address" Value=""/>
				<Field Name="Postcode" Value=""/>
				<Field Name="Signature" Value="C:\Nuance\MobileDemo\Home\WebCapture\WORK\6fa3b3f8-ce29-4f87-a334-ad48a1fc767a\Signature_201906110438221371.png"/>
				<Field Name="GPS" Value="43.29988031200897, -72.4738719065053"/>
				<Field Name="UserName" Value="Xodice"/>
				<Field Name="UserEmail" Value="Nparillo@ssdvermont.com"/>
				<Field Name="UserHomeFolder" Value="\\NUAN-MOBAD01\HOME\Xodice"/>
				<Field Name="FormName" Value="Delivery Acceptance"/>
				<Field Name="JobID" Value="1789165502-56158-19753-163-13"/>
			</KnowledgeFields>
		</KnowledgeObject>
	</KnowledgeObjects>
</AutoStore>
