<?xml version="1.0" encoding="utf-8"?>
<AutoStore NSI_SIG2="F4753AF88D6D987616409B9C75D46BBF46A669EE5C70D17770558EEAF2F02C1A30BBD9E83EAF6F03C576838F45411DD5">
	<Header Version="2" DateCreated="2019-06-21" TimeCreated="15:47:10" AUTHOR="" COMMENTS=""/>
	<KnowledgeObjects ObjID="3734846060-110-17908-138-76">
		<KnowledgeObject ObjID="3978261024-63591-19801-158-118">
			<KnowledgeDocuments>
				<KnowledgeDocument Type="jpg" Name="cdv_photo_001.jpg" ObjID="728531030-1814-16918-178-220" DocRef="2381637907-47773-18203-155-214.dat"/>
				<KnowledgeDocument Type="png" Name="Signature_201906211547096223.png" ObjID="700986785-57340-17835-173-206" DocRef="54534136-1005-16752-137-239.dat"/>
			</KnowledgeDocuments>
			<KnowledgeFields>
				<Field Name="DeliveryTime" Value="15:47"/>
				<Field Name="DeliveryDate" Value="21/06/2019"/>
				<Field Name="Driver" Value="Jmcintoshreno"/>
				<Field Name="SignatureName" Value="Jim McIntosh"/>
				<Field Name="DeliveryID" Value="23456867"/>
				<Field Name="Surname" Value=""/>
				<Field Name="Firstname" Value=""/>
				<Field Name="Address" Value=""/>
				<Field Name="Postcode" Value=""/>
				<Field Name="Signature" Value="C:\Nuance\MobileDemo\Home\WebCapture\WORK\decafabe-9551-4e39-847d-3cd6fcd86206\Signature_201906211547096223.png"/>
				<Field Name="GPS" Value="39.4873743387301, -119.75956512308339"/>
				<Field Name="UserName" Value="Jmcintoshreno"/>
				<Field Name="UserEmail" Value="Jmcintosh@sierraoffice.com"/>
				<Field Name="UserHomeFolder" Value="\\NUAN-MOBAD01\HOME\Jmcintoshreno"/>
				<Field Name="FormName" Value="Delivery Acceptance"/>
				<Field Name="JobID" Value="3978261024-63591-19801-158-118"/>
			</KnowledgeFields>
		</KnowledgeObject>
	</KnowledgeObjects>
</AutoStore>
