<?xml version="1.0" encoding="utf-8"?>
<AutoStore NSI_SIG2="9F10FEB217C014272BF640B44D69B7D58B6AF345C2366F9636CC8248386D61A5000C6619BC779E2E78E20A0AC29CDADB">
	<Header Version="2" DateCreated="2020-01-22" TimeCreated="12:47:13" AUTHOR="" COMMENTS=""/>
	<KnowledgeObjects ObjID="987331086-26295-17238-148-129">
		<KnowledgeObject ObjID="2637985766-32000-16554-182-192">
			<KnowledgeDocuments>
				<KnowledgeDocument Type="png" Name="Signed_202001221246397129.png" ObjID="1644476735-21456-17500-135-158" DocRef="3469685989-62457-18756-184-30.dat"/>
				<KnowledgeDocument Type="TXT" Name="TimeSheet.TXT" ObjID="296732498-35449-18863-153-205" DocRef="3763570340-31405-16470-183-193.dat"/>
				<KnowledgeDocument Type="PDF" Name="TimeSheet.PDF" ObjID="3253323652-16625-16703-145-190" DocRef="1340254115-55838-18626-175-189.dat"/>
			</KnowledgeDocuments>
			<KnowledgeFields>
				<Field Name="ContractorName" Value="~WCC::User,%displayName%~"/>
				<Field Name="Signature" Value="C:\Kofax\MobileDemo\Home\WebCapture\WORK\d81d2f52-600e-456e-856c-c1fc693efdea\Signed_202001221246397129.png"/>
				<Field Name="ContractorID" Value="Lance"/>
				<Field Name="FriHours" Value="08:00"/>
				<Field Name="FriEnd" Value="17:00"/>
				<Field Name="FriStart" Value="09:00"/>
				<Field Name="ThuHours" Value="08:00"/>
				<Field Name="ThuEnd" Value="17:00"/>
				<Field Name="ThuStart" Value="09:00"/>
				<Field Name="WedHours" Value="08:00"/>
				<Field Name="WedEnd" Value="17:00"/>
				<Field Name="WedStart" Value="09:00"/>
				<Field Name="TueHours" Value="04:00"/>
				<Field Name="TueEnd" Value="13:00"/>
				<Field Name="TueStart" Value="09:00"/>
				<Field Name="MonHours" Value="08:00"/>
				<Field Name="MonEnd" Value="17:00"/>
				<Field Name="MonStart" Value="09:00"/>
				<Field Name="WeekEnding" Value="16-01-2020"/>
				<Field Name="TimeSheetID" Value="0000284"/>
				<Field Name="TotalHours" Value="36:00"/>
				<Field Name="Submitted" Value="22-01-2020"/>
				<Field Name="UserName" Value="Lance"/>
				<Field Name="UserEmail" Value="lance.netherton@capita.com"/>
				<Field Name="UserHomeFolder" Value="\\US01VMBCMD01\HOME\Lance"/>
				<Field Name="FormName" Value="Submit TimeSheet"/>
				<Field Name="JobID" Value="2637985766-32000-16554-182-192"/>
			</KnowledgeFields>
		</KnowledgeObject>
	</KnowledgeObjects>
</AutoStore>
