<?xml version="1.0" encoding="utf-8"?>
<AutoStore NSI_SIG2="426DFD540FB500D4AED18FCEEC9F889ABA079202E3C3D64FE56D96EAA04359F2876A28F6B4CB256177291D49716ED48A">
	<Header Version="2" DateCreated="2019-01-25" TimeCreated="12:02:22" AUTHOR="" COMMENTS=""/>
	<KnowledgeObjects ObjID="3143849009-35133-19550-181-18">
		<KnowledgeObject ObjID="1231108382-61285-18535-139-213">
			<KnowledgeDocuments>
				<KnowledgeDocument Type="png" Name="PatientSign_201901251202212914.png" ObjID="6899409-19278-19247-169-136" DocRef="1385661954-61385-18674-132-63.dat"/>
			</KnowledgeDocuments>
			<KnowledgeFields>
				<Field Name="JobID" Value="1231108382-61285-18535-139-213"/>
				<Field Name="FormName" Value="New GP Patient Registration"/>
				<Field Name="UserHomeFolder" Value="\\NUAN-MOBAD01\HOME\j.schoenwolff"/>
				<Field Name="UserEmail" Value="schoenerwolff@gmx.de"/>
				<Field Name="UserName" Value="j.schoenwolff"/>
				<Field Name="1stReg" Value=""/>
				<Field Name="3Months" Value=""/>
				<Field Name="Salutation" Value="Mr"/>
				<Field Name="Surname" Value="Jan"/>
				<Field Name="PrevSurname" Value=""/>
				<Field Name="Forenames" Value=""/>
				<Field Name="DateofBirth" Value=""/>
				<Field Name="Sex" Value=""/>
				<Field Name="NHSNo" Value=""/>
				<Field Name="CHI" Value=""/>
				<Field Name="Address1" Value=""/>
				<Field Name="Address2" Value=""/>
				<Field Name="Town" Value=""/>
				<Field Name="County" Value=""/>
				<Field Name="Postcode" Value=""/>
				<Field Name="Phone" Value=""/>
				<Field Name="Mobile" Value=""/>
				<Field Name="Email" Value=""/>
				<Field Name="PrevDrName" Value=""/>
				<Field Name="PrevDrPractice" Value=""/>
				<Field Name="PrevDrAddress" Value=""/>
				<Field Name="PrevDrTown" Value=""/>
				<Field Name="PrevDrPostCode" Value=""/>
				<Field Name="PrevAddress1" Value=""/>
				<Field Name="PrevAddress2" Value=""/>
				<Field Name="PrevTown" Value=""/>
				<Field Name="PrevCounty" Value=""/>
				<Field Name="PrevPostCode" Value=""/>
				<Field Name="DateCame" Value=""/>
				<Field Name="DateLeave" Value=""/>
				<Field Name="RecentResidence" Value=""/>
				<Field Name="AFServiceNo" Value=""/>
				<Field Name="AFEnlistDate" Value=""/>
				<Field Name="AFReservist" Value=""/>
				<Field Name="AFLeaveDate" Value=""/>
				<Field Name="AF1stReg" Value=""/>
				<Field Name="AFPriorAddress" Value=""/>
				<Field Name="AFPriorPostCode" Value=""/>
				<Field Name="Identification" Value="BrithCert"/>
			</KnowledgeFields>
		</KnowledgeObject>
	</KnowledgeObjects>
</AutoStore>
