<?xml version="1.0" encoding="utf-8"?>
<AutoStore NSI_SIG2="BBFD9AE1959CA364F175AC4102926EF4C73D0B04DE9081608DFB6FFFF7A5CD5480E28287CD0EA2EC2A17A0FB8E16F9E6">
	<Header Version="2" DateCreated="2019-01-17" TimeCreated="12:40:01" AUTHOR="" COMMENTS=""/>
	<KnowledgeObjects ObjID="1704015824-20493-18225-186-53">
		<KnowledgeObject ObjID="24120208-62299-16665-184-205">
			<KnowledgeDocuments>
				<KnowledgeDocument Type="jpg" Name="cdv_photo_002.jpg" ObjID="1478220966-17026-16604-161-2" DocRef="4007651867-18437-17817-147-127.dat"/>
			</KnowledgeDocuments>
			<KnowledgeFields>
				<Field Name="CarReg" Value=""/>
				<Field Name="Visiting" Value="10006     "/>
				<Field Name="Company" Value="Ricoh"/>
				<Field Name="Forename" Value="Fiona"/>
				<Field Name="Surname" Value="Lane"/>
				<Field Name="Section" Value="Visitor Book"/>
				<Field Name="UserFullName" Value="Fiona.lane Fiona.lane"/>
				<Field Name="UserHomeFolder" Value="~WCC::User,%homeDiretory%~"/>
				<Field Name="UserEmail" Value="Fiona.lane@ricoh.co.uk"/>
				<Field Name="UserName" Value="fiona.lane"/>
				<Field Name="JobID" Value="24120208-62299-16665-184-205"/>
				<Field Name="FormName" Value="Visitor Check In"/>
				<Field Name="BadgeNumber" Value="12468"/>
			</KnowledgeFields>
		</KnowledgeObject>
	</KnowledgeObjects>
</AutoStore>
