<?xml version="1.0" encoding="utf-8"?>
<AutoStore NSI_SIG2="47DBAC310EDA5AD8B6AC466ECA36B5EB1292580D325EA6C8F8931B615EBFCE032B26859D0A20AB4CB26BDF73D0595373">
	<Header Version="2" DateCreated="2019-07-24" TimeCreated="04:05:41" AUTHOR="" COMMENTS=""/>
	<KnowledgeObjects ObjID="2322217676-38544-16641-158-14">
		<KnowledgeObject ObjID="1654345069-9424-19848-152-17">
			<KnowledgeDocuments>
				<KnowledgeDocument Type="pdf" Name="POD_http___www.vmp.mobi_ford_101103058FD            _1.pdf" ObjID="3040248671-7610-19241-169-40" DocRef="2484400776-23599-17206-138-76.dat"/>
				<KnowledgeDocument Type="png" Name="Signature_201907240405413326.png" ObjID="4135781694-27949-18995-167-130" DocRef="1117197443-56532-18707-162-99.dat"/>
			</KnowledgeDocuments>
			<KnowledgeFields>
				<Field Name="DeliveryTime" Value="04:05"/>
				<Field Name="DeliveryDate" Value="24/07/2019"/>
				<Field Name="Driver" Value="Xodice"/>
				<Field Name="SignatureName" Value="Cliff keen 1992"/>
				<Field Name="DeliveryID" Value="DBCONNECT;$.[)JYY;_N:&quot;$]yQGCrR?DKb"/>
				<Field Name="Surname" Value=""/>
				<Field Name="Firstname" Value=""/>
				<Field Name="Address" Value=""/>
				<Field Name="Postcode" Value=""/>
				<Field Name="Signature" Value="C:\Nuance\MobileDemo\Home\WebCapture\WORK\2af26dea-126d-46a0-ac6e-a085d197db49\Signature_201907240405413326.png"/>
				<Field Name="GPS" Value="43.2998454239486, -72.47369220377792"/>
				<Field Name="UserName" Value="Xodice"/>
				<Field Name="UserEmail" Value="Nparillo@ssdvermont.com"/>
				<Field Name="UserHomeFolder" Value="\\NUAN-MOBAD01\HOME\Xodice"/>
				<Field Name="FormName" Value="Delivery Acceptance"/>
				<Field Name="JobID" Value="1654345069-9424-19848-152-17"/>
			</KnowledgeFields>
		</KnowledgeObject>
	</KnowledgeObjects>
</AutoStore>
