<?xml version="1.0" encoding="utf-8"?>
<AutoStore NSI_SIG2="6476F26F7CF29D991FED03F4E5A35AC164A0638E0F10A05125968CFDFFAC2D6FEE2AD4F0D51DF2E1905BAC70CF4F955C">
	<Header Version="2" DateCreated="2018-04-05" TimeCreated="11:43:21" AUTHOR="" COMMENTS=""/>
	<KnowledgeObjects ObjID="5034458-30799-19914-162-140">
		<KnowledgeObject ObjID="1733211838-52391-17998-134-16">
			<KnowledgeDocuments>
				<KnowledgeDocument Type="pdf" Name="Confirmation.pdf" ObjID="3543275910-62220-18415-162-106" DocRef="1809306933-57131-18406-188-39.dat"/>
			</KnowledgeDocuments>
			<KnowledgeFields>
				<Field Name="AssessorSignature" Value="C:\Nuance\MobileDemo\Home\WebCapture\WORK\aa4dee28-297a-47d7-af15-db35bb01f429\AssessorSignature_201711212043538867.png"/>
				<Field Name="AssessorName" Value="John Campbell-Higgens"/>
				<Field Name="Chargeable" Value="No"/>
				<Field Name="Type" Value="Normal Wear &amp; Tear"/>
				<Field Name="Category" Value="Doors"/>
				<Field Name="Urgency" Value="Medium"/>
				<Field Name="VisitDate" Value="21/11/2017"/>
				<Field Name="PostCode" Value="Bl3"/>
				<Field Name="HouseNumber" Value="1234"/>
				<Field Name="RenameSchema" Value="Bl3-1234-Medium-Doors"/>
				<Field Name="Section" Value="Housing and Tenancies\Housing Associations"/>
				<Field Name="FormName" Value="Issue Assessment Form"/>
				<Field Name="JobID" Value="1733211838-52391-17998-134-16"/>
				<Field Name="UserHomeFolder" Value="\\as-of360\users\Matt"/>
				<Field Name="UserEmail" Value=""/>
				<Field Name="UserName" Value="matt"/>
				<Field Name="FileCount" Value="1"/>
			</KnowledgeFields>
		</KnowledgeObject>
	</KnowledgeObjects>
</AutoStore>
