<?xml version="1.0" encoding="utf-8"?>
<AutoStore NSI_SIG2="1AC11B1A9A9C213F79BCB593FA3249DE1F92EFFC569DA4CE9B6921E07AB48FE6EB0889297C8DC30836A26FF6F900C7EF">
	<Header Version="2" DateCreated="2019-05-28" TimeCreated="23:55:49" AUTHOR="" COMMENTS=""/>
	<KnowledgeObjects ObjID="627304207-65530-18479-128-236">
		<KnowledgeObject ObjID="19651578-57564-18962-141-15">
			<KnowledgeDocuments>
				<KnowledgeDocument Type="eml" Name="Configuration backups, compliance and change tracking made easy with Network Configuration Manager.eml" ObjID="3131843119-3291-17467-168-85" DocRef="205887523-22171-18967-136-112.dat"/>
				<KnowledgeDocument Type="png" Name="Signature_201905282355490728.png" ObjID="3657001005-8844-19523-182-128" DocRef="3412196067-12981-18399-146-94.dat"/>
			</KnowledgeDocuments>
			<KnowledgeFields>
				<Field Name="DeliveryTime" Value="23:55"/>
				<Field Name="DeliveryDate" Value="28/05/2019"/>
				<Field Name="Driver" Value="Xodice"/>
				<Field Name="SignatureName" Value="Cliff keen 1992"/>
				<Field Name="DeliveryID" Value="HTTPS://FUNDREPORTS.COM/69134363990819599290?SRC=QR"/>
				<Field Name="Surname" Value=""/>
				<Field Name="Firstname" Value=""/>
				<Field Name="Address" Value=""/>
				<Field Name="Postcode" Value=""/>
				<Field Name="Signature" Value="C:\Nuance\MobileDemo\Home\WebCapture\WORK\69a64d4d-b2b2-476d-b6c2-f47f1ff7e965\Signature_201905282355490728.png"/>
				<Field Name="GPS" Value="43.29978902829607, -72.4738251378059"/>
				<Field Name="UserName" Value="Xodice"/>
				<Field Name="UserEmail" Value="Nparillo@ssdvermont.com"/>
				<Field Name="UserHomeFolder" Value="\\NUAN-MOBAD01\HOME\Xodice"/>
				<Field Name="FormName" Value="Delivery Acceptance"/>
				<Field Name="JobID" Value="19651578-57564-18962-141-15"/>
			</KnowledgeFields>
		</KnowledgeObject>
	</KnowledgeObjects>
</AutoStore>
