<?xml version="1.0" encoding="utf-8"?>
<AutoStore NSI_SIG2="3F0FDDA7026442701A052E5EE5B24417948E4068FB4EF531E8767FCDEACEDE57E6B116ADA0FF076E49CBF495F2B147A7">
	<Header Version="2" DateCreated="2019-06-08" TimeCreated="16:41:43" AUTHOR="" COMMENTS=""/>
	<KnowledgeObjects ObjID="1685594012-369-19941-166-160">
		<KnowledgeObject ObjID="4157531207-11375-18685-135-53">
			<KnowledgeDocuments>
				<KnowledgeDocument Type="htm" Name="Hello,.htm" ObjID="3523104634-10131-16855-148-145" DocRef="3921015122-39732-17329-136-233.dat"/>
				<KnowledgeDocument Type="png" Name="Signature_201906081641305681.png" ObjID="2321872786-51714-18614-179-114" DocRef="432749001-5852-17652-190-81.dat"/>
			</KnowledgeDocuments>
			<KnowledgeFields>
				<Field Name="DeliveryTime" Value="16:41"/>
				<Field Name="DeliveryDate" Value="08/06/2019"/>
				<Field Name="Driver" Value="Xodice"/>
				<Field Name="SignatureName" Value="Cliff keen 1992"/>
				<Field Name="DeliveryID" Value="sflyqr://?id=4053081&amp;urc=68332018"/>
				<Field Name="Surname" Value=""/>
				<Field Name="Firstname" Value=""/>
				<Field Name="Address" Value=""/>
				<Field Name="Postcode" Value=""/>
				<Field Name="Signature" Value="C:\Nuance\MobileDemo\Home\WebCapture\WORK\de392a69-1669-4c0e-aced-0856e182d02f\Signature_201906081641305681.png"/>
				<Field Name="GPS" Value="43.299815670336656, -72.47390143258178"/>
				<Field Name="UserName" Value="Xodice"/>
				<Field Name="UserEmail" Value="Nparillo@ssdvermont.com"/>
				<Field Name="UserHomeFolder" Value="\\NUAN-MOBAD01\HOME\Xodice"/>
				<Field Name="FormName" Value="Delivery Acceptance"/>
				<Field Name="JobID" Value="4157531207-11375-18685-135-53"/>
			</KnowledgeFields>
		</KnowledgeObject>
	</KnowledgeObjects>
</AutoStore>
