<?xml version="1.0" encoding="utf-8"?>
<AutoStore NSI_SIG2="42FF3391BC75C054928A10292704BD09C1435CBA46978F940B6DB1D81F8FEEC303953045A18C95C3777024710F270247">
	<Header Version="2" DateCreated="2019-04-28" TimeCreated="04:26:17" AUTHOR="" COMMENTS=""/>
	<KnowledgeObjects ObjID="1830588494-29256-17589-158-99">
		<KnowledgeObject ObjID="1199960415-8947-17544-133-98">
			<KnowledgeDocuments>
				<KnowledgeDocument Type="ics" Name="ActiproSoftwareLLC.562882FEEB491_24pqs290vpjk0.ics" ObjID="927350825-29457-17938-188-157" DocRef="3091571894-34112-16521-132-223.dat"/>
				<KnowledgeDocument Type="png" Name="Signature_201904280426166615.png" ObjID="1419773144-19538-16531-154-40" DocRef="2333155589-51270-17514-172-233.dat"/>
			</KnowledgeDocuments>
			<KnowledgeFields>
				<Field Name="DeliveryTime" Value="04:26"/>
				<Field Name="DeliveryDate" Value="28/04/2019"/>
				<Field Name="Driver" Value="Xodice"/>
				<Field Name="SignatureName" Value="Cliff keen 1992"/>
				<Field Name="DeliveryID" Value="8772438339"/>
				<Field Name="Surname" Value=""/>
				<Field Name="Firstname" Value=""/>
				<Field Name="Address" Value=""/>
				<Field Name="Postcode" Value=""/>
				<Field Name="Signature" Value="C:\Nuance\MobileDemo\Home\WebCapture\WORK\c7f56058-8ec6-4765-a19a-b2f8415afad5\Signature_201904280426166615.png"/>
				<Field Name="GPS" Value="43.299890736338746, -72.4739554656728"/>
				<Field Name="UserName" Value="Xodice"/>
				<Field Name="UserEmail" Value="Nparillo@ssdvermont.com"/>
				<Field Name="UserHomeFolder" Value="\\NUAN-MOBAD01\HOME\Xodice"/>
				<Field Name="FormName" Value="Delivery Acceptance"/>
				<Field Name="JobID" Value="1199960415-8947-17544-133-98"/>
			</KnowledgeFields>
		</KnowledgeObject>
	</KnowledgeObjects>
</AutoStore>
