<?xml version="1.0" encoding="utf-8"?>
<AutoStore NSI_SIG2="FD7810197BD4E2D500109E3872ED0C38FB419AAFD74C39AB385130969FB560D6EC3955549C7A7D9B9C05C9CFB9127CAE">
	<Header Version="2" DateCreated="2019-02-20" TimeCreated="05:56:38" AUTHOR="" COMMENTS=""/>
	<KnowledgeObjects ObjID="1866699442-44196-17529-177-72">
		<KnowledgeObject ObjID="265803928-35802-17813-183-144">
			<KnowledgeDocuments>
				<KnowledgeDocument Type="gif" Name="bd19563_.gif" ObjID="1856923532-39921-17115-158-20" DocRef="2028558862-17885-17040-142-90.dat"/>
				<KnowledgeDocument Type="png" Name="Signature_201902200556376598.png" ObjID="3228168713-14234-20180-176-50" DocRef="3350502976-5406-19035-142-186.dat"/>
			</KnowledgeDocuments>
			<KnowledgeFields>
				<Field Name="DeliveryTime" Value="05:56"/>
				<Field Name="DeliveryDate" Value="20/02/2019"/>
				<Field Name="Driver" Value="xodice"/>
				<Field Name="SignatureName" Value="Murray the beetle love fRom chumley the green fraggle"/>
				<Field Name="DeliveryID" Value="NICHOLAS G PARILLO~4JC9-EJ4-TK57~D6274-0399309"/>
				<Field Name="Surname" Value=""/>
				<Field Name="Firstname" Value=""/>
				<Field Name="Address" Value=""/>
				<Field Name="Postcode" Value=""/>
				<Field Name="Signature" Value="C:\Nuance\MobileDemo\Home\WebCapture\WORK\d6c787f4-732c-471c-9305-50c77ec0feab\Signature_201902200556376598.png"/>
				<Field Name="GPS" Value="43.299694606067774, -72.47372490595912"/>
				<Field Name="UserName" Value="xodice"/>
				<Field Name="UserEmail" Value="Nparillo@ssdvermont.com"/>
				<Field Name="UserHomeFolder" Value="\\NUAN-MOBAD01\HOME\Xodice"/>
				<Field Name="FormName" Value="Delivery Acceptance"/>
				<Field Name="JobID" Value="265803928-35802-17813-183-144"/>
			</KnowledgeFields>
		</KnowledgeObject>
	</KnowledgeObjects>
</AutoStore>
