<?xml version="1.0" encoding="utf-8"?>
<AutoStore NSI_SIG2="28373B2A18AE1C2244A567DF1D7894070B1E4C3C67E7BD265466FF7E06E4CE8D718EF94DB1F42D52343C6F7362AFFBE5">
	<Header Version="2" DateCreated="2019-05-28" TimeCreated="22:06:04" AUTHOR="" COMMENTS=""/>
	<KnowledgeObjects ObjID="1269541881-61148-20084-179-7">
		<KnowledgeObject ObjID="4072855638-52914-17529-158-229">
			<KnowledgeDocuments>
				<KnowledgeDocument Type="pdf" Name="help2019_en_v1.pdf" ObjID="1154208819-32287-20188-153-32" DocRef="510092494-21005-17592-141-128.dat"/>
				<KnowledgeDocument Type="png" Name="Signature_201905282206041177.png" ObjID="4106559060-18658-18143-140-253" DocRef="3268850219-49677-18677-177-156.dat"/>
			</KnowledgeDocuments>
			<KnowledgeFields>
				<Field Name="DeliveryTime" Value="22:06"/>
				<Field Name="DeliveryDate" Value="28/05/2019"/>
				<Field Name="Driver" Value="Xodice"/>
				<Field Name="SignatureName" Value="Cliff keen 1992"/>
				<Field Name="DeliveryID" Value="HTTPS://FUNDREPORTS.COM/69134363990819599290?SRC=QR"/>
				<Field Name="Surname" Value=""/>
				<Field Name="Firstname" Value=""/>
				<Field Name="Address" Value=""/>
				<Field Name="Postcode" Value=""/>
				<Field Name="Signature" Value="C:\Nuance\MobileDemo\Home\WebCapture\WORK\6ab52420-e83e-4939-a225-a118c039187c\Signature_201905282206041177.png"/>
				<Field Name="GPS" Value="43.299832129585766, -72.4737235981545"/>
				<Field Name="UserName" Value="Xodice"/>
				<Field Name="UserEmail" Value="Nparillo@ssdvermont.com"/>
				<Field Name="UserHomeFolder" Value="\\NUAN-MOBAD01\HOME\Xodice"/>
				<Field Name="FormName" Value="Delivery Acceptance"/>
				<Field Name="JobID" Value="4072855638-52914-17529-158-229"/>
			</KnowledgeFields>
		</KnowledgeObject>
	</KnowledgeObjects>
</AutoStore>
