<?xml version="1.0" encoding="utf-8"?>
<AutoStore NSI_SIG2="A845DD507E60C98969DE3C05DF0C37E06B518AD0E5FEEC0BA441B920C1314CDEBEA2EB75F4E08B9211D8C9F3AD09F75F">
	<Header Version="2" DateCreated="2019-06-20" TimeCreated="16:07:06" AUTHOR="" COMMENTS=""/>
	<KnowledgeObjects ObjID="1680514948-36130-19184-184-242">
		<KnowledgeObject ObjID="1695809066-17050-19570-129-31">
			<KnowledgeDocuments>
				<KnowledgeDocument Type="jpg" Name="cdv_photo_001.jpg" ObjID="3819899033-27534-20120-176-47" DocRef="962933116-3805-19879-134-194.dat"/>
				<KnowledgeDocument Type="png" Name="Signature_201906201607058336.png" ObjID="324549870-55908-20003-190-231" DocRef="3103224904-59150-17197-187-105.dat"/>
			</KnowledgeDocuments>
			<KnowledgeFields>
				<Field Name="DeliveryTime" Value="16:07"/>
				<Field Name="DeliveryDate" Value="20/06/2019"/>
				<Field Name="Driver" Value="TerryLaCosse"/>
				<Field Name="SignatureName" Value="LaCosse"/>
				<Field Name="DeliveryID" Value="1234567890"/>
				<Field Name="Surname" Value="Campbell-Higgens"/>
				<Field Name="Firstname" Value="John"/>
				<Field Name="Address" Value="Ainsworth Road, Bolton"/>
				<Field Name="Postcode" Value="BL3 1RB"/>
				<Field Name="Signature" Value="C:\Nuance\MobileDemo\Home\WebCapture\WORK\17b9a9ab-e0e6-4709-b9ae-57b94157bd51\Signature_201906201607058336.png"/>
				<Field Name="GPS" Value="47.23268120497081, -122.5493045888041"/>
				<Field Name="UserName" Value="TerryLaCosse"/>
				<Field Name="UserEmail" Value="terry.lacosse@nuance.com"/>
				<Field Name="UserHomeFolder" Value="\\NUAN-MOBAD01\HOME\TerryLaCosse"/>
				<Field Name="FormName" Value="Delivery Acceptance"/>
				<Field Name="JobID" Value="1695809066-17050-19570-129-31"/>
			</KnowledgeFields>
		</KnowledgeObject>
	</KnowledgeObjects>
</AutoStore>
