<?xml version="1.0" encoding="utf-8"?>
<AutoStore NSI_SIG2="67B4BF65922A9464B7B3E61A0540B4D7F5F73BF7A74B6915DA4C11E6AF119484BB82FCFDFE5CC45711DD08D6B49CBF84">
	<Header Version="2" DateCreated="2018-06-13" TimeCreated="21:39:12" AUTHOR="" COMMENTS=""/>
	<KnowledgeObjects ObjID="754371796-23830-20200-156-32">
		<KnowledgeObject ObjID="3101386031-4521-19046-156-253">
			<KnowledgeDocuments>
				<KnowledgeDocument Type="png" Name="PatientSign_201806132139122874.png" ObjID="3989884312-55259-17000-140-252" DocRef="2838674646-34746-18969-187-124.dat"/>
			</KnowledgeDocuments>
			<KnowledgeFields>
				<Field Name="JobID" Value="3101386031-4521-19046-156-253"/>
				<Field Name="FormName" Value="New GP Patient Registration"/>
				<Field Name="UserHomeFolder" Value="\\NUAN-MOBAD01\HOME\bwalbridge2"/>
				<Field Name="UserEmail" Value="bryanwalbridge@gmail.com"/>
				<Field Name="UserName" Value="bwalbridge2"/>
				<Field Name="1stReg" Value=""/>
				<Field Name="3Months" Value=""/>
				<Field Name="Salutation" Value=""/>
				<Field Name="Surname" Value=""/>
				<Field Name="PrevSurname" Value=""/>
				<Field Name="Forenames" Value=""/>
				<Field Name="DateofBirth" Value=""/>
				<Field Name="Sex" Value=""/>
				<Field Name="NHSNo" Value=""/>
				<Field Name="CHI" Value=""/>
				<Field Name="Address1" Value=""/>
				<Field Name="Address2" Value=""/>
				<Field Name="Town" Value=""/>
				<Field Name="County" Value=""/>
				<Field Name="Postcode" Value=""/>
				<Field Name="Phone" Value=""/>
				<Field Name="Mobile" Value=""/>
				<Field Name="Email" Value=""/>
				<Field Name="PrevDrName" Value=""/>
				<Field Name="PrevDrPractice" Value=""/>
				<Field Name="PrevDrAddress" Value=""/>
				<Field Name="PrevDrTown" Value=""/>
				<Field Name="PrevDrPostCode" Value=""/>
				<Field Name="PrevAddress1" Value=""/>
				<Field Name="PrevAddress2" Value=""/>
				<Field Name="PrevTown" Value=""/>
				<Field Name="PrevCounty" Value=""/>
				<Field Name="PrevPostCode" Value=""/>
				<Field Name="DateCame" Value=""/>
				<Field Name="DateLeave" Value=""/>
				<Field Name="RecentResidence" Value=""/>
				<Field Name="AFServiceNo" Value=""/>
				<Field Name="AFEnlistDate" Value=""/>
				<Field Name="AFReservist" Value=""/>
				<Field Name="AFLeaveDate" Value=""/>
				<Field Name="AF1stReg" Value=""/>
				<Field Name="AFPriorAddress" Value=""/>
				<Field Name="AFPriorPostCode" Value=""/>
				<Field Name="Identification" Value="Driving License"/>
			</KnowledgeFields>
		</KnowledgeObject>
	</KnowledgeObjects>
</AutoStore>
