<?xml version="1.0" encoding="utf-8"?>
<AutoStore NSI_SIG2="08EC8D288ADA226B8450566D24C7674E5A24E44F9B7BF95D75BCD38111F783790DCC08072ECF9A404B06CE8AF00869B8">
	<Header Version="2" DateCreated="2020-10-19" TimeCreated="02:00:26" AUTHOR="" COMMENTS=""/>
	<KnowledgeObjects ObjID="3362624503-64621-19342-149-239">
		<KnowledgeObject ObjID="3526987191-43060-18175-128-127">
			<KnowledgeDocuments>
				<KnowledgeDocument Type="jpg" Name="1603098005102.jpg" ObjID="3175687953-35756-19113-141-35" DocRef="2766728191-36072-17937-135-74.dat"/>
			</KnowledgeDocuments>
			<KnowledgeFields>
				<Field Name="RenameSchema" Value="nikp-20201019-020025"/>
				<Field Name="Section" Value="Security and GDPR"/>
				<Field Name="UserHomeFolder" Value="\\US01VMBCMD01\HOME\nikp"/>
				<Field Name="UserEmail" Value="nik.pugh@ordiginal.com"/>
				<Field Name="UserName" Value="nikp"/>
				<Field Name="FormName" Value="Driving License Redaction"/>
				<Field Name="JobID" Value=""/>
			</KnowledgeFields>
		</KnowledgeObject>
	</KnowledgeObjects>
</AutoStore>
