<?xml version="1.0" encoding="utf-8"?>
<AutoStore NSI_SIG2="7731B9EDBAE77D401CE3FF2D194A2578C2D042C6AC6C4A3850254640D9C9D5569819AFFAF0955FE842FE5652132F0152">
	<Header Version="2" DateCreated="2020-04-23" TimeCreated="05:44:08" AUTHOR="" COMMENTS=""/>
	<KnowledgeObjects ObjID="4091825825-45760-20372-143-139">
		<KnowledgeObject ObjID="3821237822-20350-19786-191-142">
			<KnowledgeDocuments>
				<KnowledgeDocument Type="PDF" Name="0000301_HiggyUK_23-04-2020_done.PDF" ObjID="136281197-47453-18735-137-98" DocRef="2564910199-35781-17961-180-222.dat"/>
			</KnowledgeDocuments>
			<KnowledgeFields>
				<Field Name="SubmittedOn" Value="23-04-2020"/>
				<Field Name="SubmittedBy" Value="HiggyUK"/>
				<Field Name="TimeSheet" Value="0000301_HiggyUK_23-04-2020"/>
				<Field Name="ActionTaken" Value="p_0010"/>
				<Field Name="RejectReason" Value="Rejected"/>
				<Field Name="Signature" Value="C:\Kofax\MobileDemo\Home\WebCapture\WORK\3893bd86-2193-4a05-8049-4338a58b26e6\Signed_202004230544007991.png"/>
				<Field Name="UserName" Value="HiggyUK"/>
				<Field Name="UserEmail" Value="john.campbellhiggens@kofax.com"/>
				<Field Name="UserHomeFolder" Value="\\US01VMBCMD01\HOME\HiggyUK"/>
				<Field Name="FormName" Value="Approve TimeSheets"/>
				<Field Name="JobID" Value="3821237822-20350-19786-191-142"/>
			</KnowledgeFields>
		</KnowledgeObject>
	</KnowledgeObjects>
</AutoStore>
