<?xml version="1.0" encoding="utf-8"?>
<AutoStore NSI_SIG2="61DF44CCA2A616B34F3453C85189A76023A27C65CD1FCFF5FFC7DF188DC798CA9034629AA32AEA6A69709DBBCD7CEE5B">
	<Header Version="2" DateCreated="2019-11-18" TimeCreated="01:03:03" AUTHOR="" COMMENTS=""/>
	<KnowledgeObjects ObjID="3383486003-33467-17148-131-113">
		<KnowledgeObject ObjID="3665836430-46711-18675-186-205">
			<KnowledgeDocuments>
				<KnowledgeDocument Type="jpg" Name="cdv_photo_022.jpg" ObjID="129807270-12817-18502-158-82" DocRef="638517751-65448-19695-166-30.dat"/>
				<KnowledgeDocument Type="png" Name="Signature_201911180103025617.png" ObjID="2919886351-25273-16630-153-68" DocRef="536711971-40004-17883-142-115.dat"/>
			</KnowledgeDocuments>
			<KnowledgeFields>
				<Field Name="DeliveryTime" Value="01:03"/>
				<Field Name="DeliveryDate" Value="18/11/2019"/>
				<Field Name="Driver" Value="HIGGY"/>
				<Field Name="SignatureName" Value="Higgens"/>
				<Field Name="DeliveryID" Value="1234567890"/>
				<Field Name="Surname" Value="Campbell-Higgens"/>
				<Field Name="Firstname" Value="John"/>
				<Field Name="Address" Value="Ainsworth Road, Bolton"/>
				<Field Name="Postcode" Value="BL3 1RB"/>
				<Field Name="Signature" Value="C:\Kofax\MobileDemo\Home\WebCapture\WORK\22c77dca-6b43-450a-9111-a0e25f9cffcc\Signature_201911180103025617.png"/>
				<Field Name="GPS" Value="53.5653196603316, -2.3697217466909852"/>
				<Field Name="UserName" Value="HIGGY"/>
				<Field Name="UserEmail" Value="john.campbellhiggens@kofax.com"/>
				<Field Name="UserHomeFolder" Value="\\US01VMBCMD01\HOME\HIGGY"/>
				<Field Name="FormName" Value="Delivery Acceptance"/>
				<Field Name="JobID" Value="3665836430-46711-18675-186-205"/>
			</KnowledgeFields>
		</KnowledgeObject>
	</KnowledgeObjects>
</AutoStore>
