<?xml version="1.0" encoding="utf-8"?>
<AutoStore NSI_SIG2="A611C54EFD72C60DEA9A4F7E7C0B41AF303DDE2C5FCEB704C8B17FE78FA8441214945FFD98880933A0F8354D8B47398F">
	<Header Version="2" DateCreated="2019-07-22" TimeCreated="03:58:09" AUTHOR="" COMMENTS=""/>
	<KnowledgeObjects ObjID="1139958403-10364-19358-190-25">
		<KnowledgeObject ObjID="3339773042-12414-19796-134-31">
			<KnowledgeDocuments>
				<KnowledgeDocument Type="pdf" Name="Prob11H - Nicholas g Parillo - 00001.pdf" ObjID="897291301-22880-19407-145-236" DocRef="3385750802-39772-17154-175-207.dat"/>
				<KnowledgeDocument Type="png" Name="Signature_201907220358086951.png" ObjID="3035895651-24866-18615-168-76" DocRef="2798173615-3262-16600-151-98.dat"/>
			</KnowledgeDocuments>
			<KnowledgeFields>
				<Field Name="DeliveryTime" Value="03:58"/>
				<Field Name="DeliveryDate" Value="22/07/2019"/>
				<Field Name="Driver" Value="Xodice"/>
				<Field Name="SignatureName" Value="Cliff keen 1992"/>
				<Field Name="DeliveryID" Value="DBCONNECT;$.[)JYY;_N:&quot;$]yQGCrR?DKb"/>
				<Field Name="Surname" Value=""/>
				<Field Name="Firstname" Value=""/>
				<Field Name="Address" Value=""/>
				<Field Name="Postcode" Value=""/>
				<Field Name="Signature" Value="C:\Nuance\MobileDemo\Home\WebCapture\WORK\363a123b-4ed3-4638-a51a-f70645346a45\Signature_201907220358086951.png"/>
				<Field Name="GPS" Value="43.29981464286785, -72.47372102927963"/>
				<Field Name="UserName" Value="Xodice"/>
				<Field Name="UserEmail" Value="Nparillo@ssdvermont.com"/>
				<Field Name="UserHomeFolder" Value="\\NUAN-MOBAD01\HOME\Xodice"/>
				<Field Name="FormName" Value="Delivery Acceptance"/>
				<Field Name="JobID" Value="3339773042-12414-19796-134-31"/>
			</KnowledgeFields>
		</KnowledgeObject>
	</KnowledgeObjects>
</AutoStore>
