<?xml version="1.0" encoding="utf-8"?>
<AutoStore NSI_SIG2="0BC5B45CBD4D7B910E7F3FF70A64789C35F29464C3EA8701B47BAD92D80786676A843C235B021CE3D7827E22FB96A7D5">
	<Header Version="2" DateCreated="2018-08-06" TimeCreated="17:19:24" AUTHOR="" COMMENTS=""/>
	<KnowledgeObjects ObjID="1201384129-35198-19123-135-20">
		<KnowledgeObject ObjID="3305060808-57471-19522-165-94">
			<KnowledgeDocuments>
				<KnowledgeDocument Type="jpg" Name="cdv_photo_005.jpg" ObjID="1534126839-34638-18183-128-198" DocRef="1712063779-64000-20308-154-197.dat"/>
			</KnowledgeDocuments>
			<KnowledgeFields>
				<Field Name="UserName" Value="jcd813"/>
				<Field Name="UserEmail" Value="juan.dominguez@kmbs.konicaminolta.us"/>
				<Field Name="UserHomeFolder" Value="\\NUAN-MOBAD01\HOME\jcd813"/>
				<Field Name="FormName" Value="Classification Example"/>
				<Field Name="JobID" Value="3305060808-57471-19522-165-94"/>
				<Field Name="Section" Value="Security and GDPR"/>
				<Field Name="RequestType" Value="Email"/>
			</KnowledgeFields>
		</KnowledgeObject>
	</KnowledgeObjects>
</AutoStore>
