<?xml version="1.0" encoding="utf-8"?>
<AutoStore NSI_SIG2="C8785B2072B3BD017A27213A10D8B4850DCE392E37BD0CC35D547B6049E18B905B650E25F80DC9E94F1D470A32BC08EB">
	<Header Version="2" DateCreated="2020-10-21" TimeCreated="06:17:11" AUTHOR="" COMMENTS=""/>
	<KnowledgeObjects ObjID="96445436-57792-18686-164-235">
		<KnowledgeObject ObjID="3699964191-65067-19132-165-171">
			<KnowledgeDocuments>
				<KnowledgeDocument Type="jpg" Name="1603286222765.jpg" ObjID="1969179100-52470-20255-182-212" DocRef="3940255235-33465-17043-135-225.dat"/>
			</KnowledgeDocuments>
			<KnowledgeFields>
				<Field Name="RenameSchema" Value="nikp-20201021-061710"/>
				<Field Name="Section" Value="Security and GDPR"/>
				<Field Name="UserHomeFolder" Value="\\US01VMBCMD01\HOME\nikp"/>
				<Field Name="UserEmail" Value="nik.pugh@ordiginal.com"/>
				<Field Name="UserName" Value="nikp"/>
				<Field Name="FormName" Value="Driving License Redaction"/>
				<Field Name="JobID" Value=""/>
			</KnowledgeFields>
		</KnowledgeObject>
	</KnowledgeObjects>
</AutoStore>
