<?xml version="1.0" encoding="utf-8"?>
<AutoStore NSI_SIG2="CE26D6058C7BC73932AFEAE42802F980F0F106C9116E447196F85D27DD224BCE44E937A9282F183695113D301BDB89DF">
	<Header Version="2" DateCreated="2020-10-06" TimeCreated="11:26:01" AUTHOR="" COMMENTS=""/>
	<KnowledgeObjects ObjID="2592941262-52385-16984-166-164">
		<KnowledgeObject ObjID="3037934574-62133-16634-167-152">
			<KnowledgeDocuments>
				<KnowledgeDocument Type="PNG" Name="E7A09678-3C13-4A52-AE69-DAFEA49940A6.PNG" ObjID="4167469344-5169-17715-145-128" DocRef="1413774809-44579-18496-159-184.dat"/>
			</KnowledgeDocuments>
			<KnowledgeFields>
				<Field Name="UserName" Value="Erik01"/>
				<Field Name="UserEmail" Value="erik.perez@kofax.com"/>
				<Field Name="UserHomeFolder" Value="\\US01VMBCMD01\HOME\Erik01"/>
				<Field Name="FormName" Value="Patient Documents"/>
				<Field Name="JobID" Value="3037934574-62133-16634-167-152"/>
				<Field Name="Section" Value="HealthCare\Point of Care"/>
				<Field Name="RenameSchema" Value="Insurance Card-Welsby-Katie"/>
				<Field Name="PatientNumber" Value="P65100005"/>
				<Field Name="Surname" Value="Welsby"/>
				<Field Name="Forename" Value="Katie"/>
				<Field Name="DOB" Value="09-25-1974"/>
				<Field Name="DocumentType" Value="Insurance Card"/>
			</KnowledgeFields>
		</KnowledgeObject>
	</KnowledgeObjects>
</AutoStore>
