<?xml version="1.0" encoding="utf-8"?>
<AutoStore NSI_SIG2="027FB5DA5E51F8527478AB02B034C8987C6696ABC7EF1BE4232F5E3BCB43D6BCD6D50DA18663C041525658D671C1CEFA">
	<Header Version="2" DateCreated="2019-06-20" TimeCreated="05:24:16" AUTHOR="" COMMENTS=""/>
	<KnowledgeObjects ObjID="413921943-43146-19502-136-130">
		<KnowledgeObject ObjID="3797343564-64706-19694-186-68">
			<KnowledgeDocuments>
				<KnowledgeDocument Type="jpg" Name="12494880_835371716571706_3800249877648943600_n.png.jpg" ObjID="1980675061-65100-18937-188-247" DocRef="2935591134-26381-18496-141-155.dat"/>
				<KnowledgeDocument Type="png" Name="Signature_201906200524161143.png" ObjID="2745961741-51042-17926-170-44" DocRef="1053199445-55615-20114-188-238.dat"/>
			</KnowledgeDocuments>
			<KnowledgeFields>
				<Field Name="DeliveryTime" Value="05:24"/>
				<Field Name="DeliveryDate" Value="20/06/2019"/>
				<Field Name="Driver" Value="Xodice"/>
				<Field Name="SignatureName" Value="Cliff keen 1992"/>
				<Field Name="DeliveryID" Value="B9001460"/>
				<Field Name="Surname" Value=""/>
				<Field Name="Firstname" Value=""/>
				<Field Name="Address" Value=""/>
				<Field Name="Postcode" Value=""/>
				<Field Name="Signature" Value="C:\Nuance\MobileDemo\Home\WebCapture\WORK\92f62cdf-2692-461d-a1f7-7b5cc9c3b3b1\Signature_201906200524161143.png"/>
				<Field Name="GPS" Value="43.299853709946355, -72.4737384700981"/>
				<Field Name="UserName" Value="Xodice"/>
				<Field Name="UserEmail" Value="Nparillo@ssdvermont.com"/>
				<Field Name="UserHomeFolder" Value="\\NUAN-MOBAD01\HOME\Xodice"/>
				<Field Name="FormName" Value="Delivery Acceptance"/>
				<Field Name="JobID" Value="3797343564-64706-19694-186-68"/>
			</KnowledgeFields>
		</KnowledgeObject>
	</KnowledgeObjects>
</AutoStore>
