<?xml version="1.0" encoding="utf-8"?>
<AutoStore NSI_SIG2="E3FC969B616C29D0A86741E449BE6078CEED907D431B4535DCE53E125E60EA55DA80F81DFF4050C7C49C8F7553B3CC0D">
	<Header Version="2" DateCreated="2019-05-03" TimeCreated="16:02:10" AUTHOR="" COMMENTS=""/>
	<KnowledgeObjects ObjID="2253362685-21151-18744-132-56">
		<KnowledgeObject ObjID="712958470-23767-17482-158-153">
			<KnowledgeDocuments>
				<KnowledgeDocument Type="txt" Name="20190503-115644-1.txt" ObjID="1085187869-28936-19905-161-183" DocRef="4158049068-56309-20096-149-71.dat"/>
				<KnowledgeDocument Type="png" Name="Signature_201905031602095986.png" ObjID="2217849256-32944-18701-178-45" DocRef="3177025707-19878-17693-134-131.dat"/>
			</KnowledgeDocuments>
			<KnowledgeFields>
				<Field Name="DeliveryTime" Value="16:02"/>
				<Field Name="DeliveryDate" Value="03/05/2019"/>
				<Field Name="Driver" Value="Xodice"/>
				<Field Name="SignatureName" Value="Cliff keen 1992"/>
				<Field Name="DeliveryID" Value="CJP88N"/>
				<Field Name="Surname" Value=""/>
				<Field Name="Firstname" Value=""/>
				<Field Name="Address" Value=""/>
				<Field Name="Postcode" Value=""/>
				<Field Name="Signature" Value="C:\Nuance\MobileDemo\Home\WebCapture\WORK\d819c1f9-1862-48bf-b296-854d1346bc6a\Signature_201905031602095986.png"/>
				<Field Name="GPS" Value="43.29981119199192, -72.47378221882212"/>
				<Field Name="UserName" Value="Xodice"/>
				<Field Name="UserEmail" Value="Nparillo@ssdvermont.com"/>
				<Field Name="UserHomeFolder" Value="\\NUAN-MOBAD01\HOME\Xodice"/>
				<Field Name="FormName" Value="Delivery Acceptance"/>
				<Field Name="JobID" Value="712958470-23767-17482-158-153"/>
			</KnowledgeFields>
		</KnowledgeObject>
	</KnowledgeObjects>
</AutoStore>
