<?xml version="1.0" encoding="utf-8"?>
<AutoStore NSI_SIG2="8A89128E750AAF3D2B9FBE438AFB08CCF8497573197A8D6D4B401A95646D26F42B1AD78DFDC4FE57F2169830BA184A40">
	<Header Version="2" DateCreated="2020-01-07" TimeCreated="19:12:19" AUTHOR="" COMMENTS=""/>
	<KnowledgeObjects ObjID="2961435620-56259-20068-132-165">
		<KnowledgeObject ObjID="2923551453-37674-19290-178-196">
			<KnowledgeDocuments>
				<KnowledgeDocument Type="png" Name="Signed_202001071911447537.png" ObjID="871973309-39616-20451-165-104" DocRef="2278879242-11100-18373-162-83.dat"/>
				<KnowledgeDocument Type="TXT" Name="TimeSheet.TXT" ObjID="2734299720-56667-17425-160-122" DocRef="1302330805-63862-18172-144-146.dat"/>
				<KnowledgeDocument Type="PDF" Name="TimeSheet.PDF" ObjID="3590066033-61316-16767-144-98" DocRef="2082109592-10886-17525-160-122.dat"/>
			</KnowledgeDocuments>
			<KnowledgeFields>
				<Field Name="ContractorName" Value="~WCC::User,%displayName%~"/>
				<Field Name="Signature" Value="C:\Kofax\MobileDemo\Home\WebCapture\WORK\238ede64-6395-4532-982c-f4c606ebd57d\Signed_202001071911447537.png"/>
				<Field Name="ContractorID" Value="jesaaved"/>
				<Field Name="FriHours" Value="08:00"/>
				<Field Name="FriEnd" Value="4pm"/>
				<Field Name="FriStart" Value="8am"/>
				<Field Name="ThuHours" Value="08:00"/>
				<Field Name="ThuEnd" Value="4pm"/>
				<Field Name="ThuStart" Value="8am"/>
				<Field Name="WedHours" Value="08:00"/>
				<Field Name="WedEnd" Value="4pm"/>
				<Field Name="WedStart" Value="8am"/>
				<Field Name="TueHours" Value="08:00"/>
				<Field Name="TueEnd" Value="4pm"/>
				<Field Name="TueStart" Value="8am"/>
				<Field Name="MonHours" Value="08:00"/>
				<Field Name="MonEnd" Value="4pm"/>
				<Field Name="MonStart" Value="8am"/>
				<Field Name="WeekEnding" Value="07-01-2020"/>
				<Field Name="TimeSheetID" Value="0000278"/>
				<Field Name="TotalHours" Value="40:00"/>
				<Field Name="Submitted" Value="07-01-2020"/>
				<Field Name="UserName" Value="jesaaved"/>
				<Field Name="UserEmail" Value="james.saavedra@kofax.com"/>
				<Field Name="UserHomeFolder" Value="\\US01VMBCMD01\HOME\jesaaved"/>
				<Field Name="FormName" Value="Submit TimeSheet"/>
				<Field Name="JobID" Value="2923551453-37674-19290-178-196"/>
			</KnowledgeFields>
		</KnowledgeObject>
	</KnowledgeObjects>
</AutoStore>
