<?xml version="1.0" encoding="utf-8"?>
<AutoStore NSI_SIG2="89C7FAEF1CC19ACDEE0C878B8338B8F42FCA336E23F43AB5CA6CA63038C51BFFE803E70DBD7D779E3EBF4FB7B0FA3ADB">
	<Header Version="2" DateCreated="2019-04-25" TimeCreated="15:18:32" AUTHOR="" COMMENTS=""/>
	<KnowledgeObjects ObjID="2562156891-64069-19530-153-231">
		<KnowledgeObject ObjID="31344134-159-19685-191-16">
			<KnowledgeDocuments>
				<KnowledgeDocument Type="pdf" Name="18295680-1B88-406E-A2E5-F39673FFF9C1-1.pdf" ObjID="2984844004-40165-17988-154-248" DocRef="3220313009-8208-17858-175-12.dat"/>
			</KnowledgeDocuments>
			<KnowledgeFields>
				<Field Name="DocClass" Value="Not Found"/>
				<Field Name="UserName" Value="Xodice"/>
				<Field Name="UserEmail" Value="Nparillo@ssdvermont.com"/>
				<Field Name="UserHomeFolder" Value="\\NUAN-MOBAD01\HOME\Xodice"/>
				<Field Name="FormName" Value="Classification Example"/>
				<Field Name="JobID" Value="31344134-159-19685-191-16"/>
				<Field Name="Section" Value="Security and GDPR"/>
				<Field Name="RequestType" Value="Email"/>
			</KnowledgeFields>
		</KnowledgeObject>
	</KnowledgeObjects>
</AutoStore>
