<?xml version="1.0" encoding="utf-8"?>
<AutoStore NSI_SIG2="62A3BF5858AFA3D0E8229723575AEB598AA270407FB03402D033F3FBFAC7C2C943D2A67CB817E6CB9BFD8F5CCF6754DD">
	<Header Version="2" DateCreated="2019-06-26" TimeCreated="20:44:19" AUTHOR="" COMMENTS=""/>
	<KnowledgeObjects ObjID="2986933686-28902-19928-131-42">
		<KnowledgeObject ObjID="3633891562-56656-19135-151-132">
			<KnowledgeDocuments>
				<KnowledgeDocument Type="pdf" Name="Music - Sheet.pdf" ObjID="2603800719-5651-17441-190-23" DocRef="2470412068-14112-17735-163-199.dat"/>
				<KnowledgeDocument Type="png" Name="Signature_201906262044186478.png" ObjID="776073977-53847-20255-172-53" DocRef="519378231-37601-17267-150-224.dat"/>
			</KnowledgeDocuments>
			<KnowledgeFields>
				<Field Name="DeliveryTime" Value="20:44"/>
				<Field Name="DeliveryDate" Value="26/06/2019"/>
				<Field Name="Driver" Value="Kyle.Macdonald"/>
				<Field Name="SignatureName" Value="MacDonald"/>
				<Field Name="DeliveryID" Value="3456789012"/>
				<Field Name="Surname" Value="Smith"/>
				<Field Name="Firstname" Value="Sam"/>
				<Field Name="Address" Value="3 The Cottages, Worsley, Manchester"/>
				<Field Name="Postcode" Value="M32 5TQ"/>
				<Field Name="Signature" Value="C:\Nuance\MobileDemo\Home\WebCapture\WORK\3fe8cf14-beea-4e3a-bc6e-c1f843855ae9\Signature_201906262044186478.png"/>
				<Field Name="GPS" Value="43.5593046, -80.2229619"/>
				<Field Name="UserName" Value="Kyle.Macdonald"/>
				<Field Name="UserEmail" Value="kyle.macdonald@kofax.com"/>
				<Field Name="UserHomeFolder" Value="\\NUAN-MOBAD01\HOME\Kyle.Macdonald"/>
				<Field Name="FormName" Value="Delivery Acceptance"/>
				<Field Name="JobID" Value="3633891562-56656-19135-151-132"/>
			</KnowledgeFields>
		</KnowledgeObject>
	</KnowledgeObjects>
</AutoStore>
