<?xml version="1.0" encoding="utf-8"?>
<AutoStore NSI_SIG2="6125F907FB507E2F769500A899016444FFA9EC2DA2F7CD289D0BB0B3992297A620F660FF6D525A5E618AABBF2F232764">
	<Header Version="2" DateCreated="2020-02-21" TimeCreated="07:52:49" AUTHOR="" COMMENTS=""/>
	<KnowledgeObjects ObjID="2634243618-30727-19535-140-5">
		<KnowledgeObject ObjID="3467206910-22942-18756-134-1">
			<KnowledgeDocuments>
				<KnowledgeDocument Type="pdf" Name="1.pdf" ObjID="864342381-20855-19116-188-24" DocRef="764315673-21807-18656-152-82.dat"/>
				<KnowledgeDocument Type="pdf" Name="RequestDetails.pdf" ObjID="2559583909-23040-18889-128-129" DocRef="4108805485-5384-19638-167-147.dat"/>
			</KnowledgeDocuments>
			<KnowledgeFields>
				<Field Name="AW" Value="No"/>
				<Field Name="QC" Value="No"/>
				<Field Name="WC" Value="No"/>
				<Field Name="AX" Value="No"/>
				<Field Name="AC" Value="No"/>
				<Field Name="OF" Value="No"/>
				<Field Name="BC" Value="No"/>
				<Field Name="OM" Value="No"/>
				<Field Name="SC" Value="No"/>
				<Field Name="EQ" Value="Yes"/>
				<Field Name="EC" Value="No"/>
				<Field Name="Section" Value="Sales\Information Request"/>
				<Field Name="Products" Value="1"/>
				<Field Name="Consent" Value="1"/>
				<Field Name="MobileNumber" Value="Joe 73"/>
				<Field Name="PhoneNumber" Value="727272"/>
				<Field Name="EmailAddress" Value="Iza.con"/>
				<Field Name="Company" Value="Kofax"/>
				<Field Name="JobTitle" Value="Ventas"/>
				<Field Name="Fullname" Value="Izadyar"/>
				<Field Name="JobID" Value="3467206910-22942-18756-134-1"/>
				<Field Name="FormName" Value="Information Request"/>
				<Field Name="UserEmail" Value="izadyar.fassa@kofax.com"/>
				<Field Name="UserHomeFolder" Value="\\US01VMBCMD01\HOME\izadyar"/>
				<Field Name="UserName" Value="izadyar"/>
			</KnowledgeFields>
		</KnowledgeObject>
	</KnowledgeObjects>
</AutoStore>
