<?xml version="1.0" encoding="utf-8"?>
<AutoStore NSI_SIG2="DC974B7BB6BDDE2F0AEC940E8FC84F5B8981492393F9391EBEE64E2D6430FA181070290F64AB3801E5C1F647D3ABCFC7">
	<Header Version="2" DateCreated="2019-02-12" TimeCreated="23:48:27" AUTHOR="" COMMENTS=""/>
	<KnowledgeObjects ObjID="4189949044-58908-16493-162-158">
		<KnowledgeObject ObjID="2849147326-39300-20182-152-255">
			<KnowledgeDocuments>
				<KnowledgeDocument Type="pdf" Name="Protected File - 00005.pdf" ObjID="2737863699-36578-20293-178-77" DocRef="789406262-21596-17553-147-53.dat"/>
				<KnowledgeDocument Type="png" Name="Signature_201902122348267956.png" ObjID="230844030-27023-17362-170-215" DocRef="1571151062-38102-20177-157-115.dat"/>
			</KnowledgeDocuments>
			<KnowledgeFields>
				<Field Name="DeliveryTime" Value="23:48"/>
				<Field Name="DeliveryDate" Value="12/02/2019"/>
				<Field Name="Driver" Value="dandev"/>
				<Field Name="SignatureName" Value="Devine"/>
				<Field Name="DeliveryID" Value="Hwhhe"/>
				<Field Name="Surname" Value=""/>
				<Field Name="Firstname" Value=""/>
				<Field Name="Address" Value=""/>
				<Field Name="Postcode" Value=""/>
				<Field Name="Signature" Value="C:\Nuance\MobileDemo\Home\WebCapture\WORK\fba6da92-f49a-42a6-80b2-931a72344dd9\Signature_201902122348267956.png"/>
				<Field Name="GPS" Value="-41.2861768862949, 174.77813171321841"/>
				<Field Name="UserName" Value="dandev"/>
				<Field Name="UserEmail" Value="dan@mars.net.au"/>
				<Field Name="UserHomeFolder" Value="\\NUAN-MOBAD01\HOME\dandev"/>
				<Field Name="FormName" Value="Delivery Acceptance"/>
				<Field Name="JobID" Value="2849147326-39300-20182-152-255"/>
			</KnowledgeFields>
		</KnowledgeObject>
	</KnowledgeObjects>
</AutoStore>
