<?xml version="1.0" encoding="utf-8"?>
<AutoStore NSI_SIG2="0D0DFD7E5A660C9BDD1BCEB37338786B8F1452DEF8FAED21DD304C08F08C16D4028378821EEF62358DEF388946F6BE97">
	<Header Version="2" DateCreated="2018-04-19" TimeCreated="12:46:45" AUTHOR="" COMMENTS=""/>
	<KnowledgeObjects ObjID="2008215758-32280-19941-175-94">
		<KnowledgeObject ObjID="4245410493-15917-16621-182-218">
			<KnowledgeDocuments>
				<KnowledgeDocument Type="pdf" Name="HomeCareDailyRecord.pdf" ObjID="3145585794-34473-19630-168-116" DocRef="1508541-15024-17378-137-36.dat"/>
			</KnowledgeDocuments>
			<KnowledgeFields>
				<Field Name="CareWorker" Value="Steve Strange"/>
				<Field Name="Medication" Value="No"/>
				<Field Name="Walker" Value="No"/>
				<Field Name="Assist" Value="No"/>
				<Field Name="Device" Value="No"/>
				<Field Name="Ambulation" Value="No"/>
				<Field Name="Diapers" Value="No"/>
				<Field Name="Ostomy" Value="No"/>
				<Field Name="Cath" Value="No"/>
				<Field Name="Bedpan" Value="No"/>
				<Field Name="Bedside" Value="No"/>
				<Field Name="Toilet" Value="No"/>
				<Field Name="Shaving" Value="No"/>
				<Field Name="Skincare" Value="No"/>
				<Field Name="Shampoo" Value="No"/>
				<Field Name="Oral" Value="No"/>
				<Field Name="BedBath" Value="No"/>
				<Field Name="Bath" Value="No"/>
				<Field Name="OtherDressing" Value="No"/>
				<Field Name="Assisted" Value="No"/>
				<Field Name="Self" Value="No"/>
				<Field Name="OtherTransferring" Value="No"/>
				<Field Name="Bedrest" Value="No"/>
				<Field Name="Chair" Value="No"/>
				<Field Name="Wheelchair" Value="No"/>
				<Field Name="AssistEating" Value="No"/>
				<Field Name="OfferFluids" Value="No"/>
				<Field Name="ServeMeals" Value="No"/>
				<Field Name="PrepareMeals" Value="No"/>
				<Field Name="VisitEndTime" Value="8.00"/>
				<Field Name="VisitStartTime" Value="7.00"/>
				<Field Name="VisitDate" Value="4/19/2018"/>
				<Field Name="DOB" Value="06-15-1976"/>
				<Field Name="Forename" Value="Carole"/>
				<Field Name="Surname" Value="Roberts"/>
				<Field Name="PatientID" Value="P65100004"/>
				<Field Name="RenameSchema" Value="Patient Visit - Roberts-Carole"/>
				<Field Name="Section" Value="HealthCare\Point of Care"/>
				<Field Name="JobID" Value="4245410493-15917-16621-182-218"/>
				<Field Name="FormName" Value="Home Care Daily Activity Record"/>
				<Field Name="UserHomeFolder" Value=""/>
				<Field Name="UserEmail" Value="steve.strange@nuance.com"/>
				<Field Name="UserName" Value="steve"/>
				<Field Name="FileCount" Value="1"/>
			</KnowledgeFields>
		</KnowledgeObject>
	</KnowledgeObjects>
</AutoStore>
