<?xml version="1.0" encoding="utf-8"?>
<AutoStore NSI_SIG2="B52F47B0578D384A9B410DBA0FBB9E0617A0C725D0D1BA355FA12335909486C2E4D5BE33616FD06F1B42938F582B5300">
	<Header Version="2" DateCreated="2019-07-27" TimeCreated="17:09:32" AUTHOR="" COMMENTS=""/>
	<KnowledgeObjects ObjID="1854950463-52037-17366-152-232">
		<KnowledgeObject ObjID="851629019-57879-19258-191-191">
			<KnowledgeDocuments>
				<KnowledgeDocument Type="pdf" Name="mpdf.pdf" ObjID="1361734570-1569-16798-132-58" DocRef="2230366299-8032-16385-145-197.dat"/>
				<KnowledgeDocument Type="png" Name="Signature_201907271709317837.png" ObjID="1652639054-61610-18377-178-151" DocRef="3567007036-31991-18025-184-125.dat"/>
			</KnowledgeDocuments>
			<KnowledgeFields>
				<Field Name="DeliveryTime" Value="17:09"/>
				<Field Name="DeliveryDate" Value="27/07/2019"/>
				<Field Name="Driver" Value="Xodice"/>
				<Field Name="SignatureName" Value="Cliff keen 1992"/>
				<Field Name="DeliveryID" Value="1-0-8791492R"/>
				<Field Name="Surname" Value=""/>
				<Field Name="Firstname" Value=""/>
				<Field Name="Address" Value=""/>
				<Field Name="Postcode" Value=""/>
				<Field Name="Signature" Value="C:\Nuance\MobileDemo\Home\WebCapture\WORK\48cfd0e7-4b9e-4839-bcf9-a84e4a0a7ac0\Signature_201907271709317837.png"/>
				<Field Name="GPS" Value="43.29989761274933, -72.47371822390261"/>
				<Field Name="UserName" Value="Xodice"/>
				<Field Name="UserEmail" Value="Nparillo@ssdvermont.com"/>
				<Field Name="UserHomeFolder" Value="\\NUAN-MOBAD01\HOME\Xodice"/>
				<Field Name="FormName" Value="Delivery Acceptance"/>
				<Field Name="JobID" Value="851629019-57879-19258-191-191"/>
			</KnowledgeFields>
		</KnowledgeObject>
	</KnowledgeObjects>
</AutoStore>
