<?xml version="1.0" encoding="utf-8"?>
<AutoStore NSI_SIG2="B10D0357F39DCA8A64B70CA7E667803B2E763EAF42487397AB7BACFF20E7CA3D7194FA17FC829508D7E368E8C04E6532">
	<Header Version="2" DateCreated="2019-07-30" TimeCreated="16:56:28" AUTHOR="" COMMENTS=""/>
	<KnowledgeObjects ObjID="623011894-48546-19646-177-216">
		<KnowledgeObject ObjID="563667339-12851-19797-190-56">
			<KnowledgeDocuments>
				<KnowledgeDocument Type="m3u" Name="Protected File - 00001.m3u" ObjID="897866958-11767-16747-171-0" DocRef="2658803364-20107-19152-130-55.dat"/>
				<KnowledgeDocument Type="png" Name="Signature_201907301656281556.png" ObjID="531280969-45503-16724-132-46" DocRef="2178877736-57014-19931-144-136.dat"/>
			</KnowledgeDocuments>
			<KnowledgeFields>
				<Field Name="DeliveryTime" Value="16:56"/>
				<Field Name="DeliveryDate" Value="30/07/2019"/>
				<Field Name="Driver" Value="Xodice"/>
				<Field Name="SignatureName" Value="Clif keen 1992 invoice#36326501"/>
				<Field Name="DeliveryID" Value="http://vianor.us/feedback"/>
				<Field Name="Surname" Value=""/>
				<Field Name="Firstname" Value=""/>
				<Field Name="Address" Value=""/>
				<Field Name="Postcode" Value=""/>
				<Field Name="Signature" Value="C:\Nuance\MobileDemo\Home\WebCapture\WORK\d0cdc8f9-ef86-4d49-9dee-c8b77b7dc585\Signature_201907301656281556.png"/>
				<Field Name="GPS" Value="43.29958726468721, -72.50345898611047"/>
				<Field Name="UserName" Value="Xodice"/>
				<Field Name="UserEmail" Value="Nparillo@ssdvermont.com"/>
				<Field Name="UserHomeFolder" Value="\\NUAN-MOBAD01\HOME\Xodice"/>
				<Field Name="FormName" Value="Delivery Acceptance"/>
				<Field Name="JobID" Value="563667339-12851-19797-190-56"/>
			</KnowledgeFields>
		</KnowledgeObject>
	</KnowledgeObjects>
</AutoStore>
