<?xml version="1.0" encoding="utf-8"?>
<AutoStore NSI_SIG2="687990D1A3F94F5F15AD0AEEA6AFE652844B5579696BB4EA4382CC04B700CC91A785E940AE2E8BC91DA46BD6099B947E">
	<Header Version="2" DateCreated="2019-05-17" TimeCreated="01:34:18" AUTHOR="" COMMENTS=""/>
	<KnowledgeObjects ObjID="3920290017-39566-19134-180-194">
		<KnowledgeObject ObjID="3148172285-6441-17587-179-144">
			<KnowledgeDocuments>
				<KnowledgeDocument Type="jpg" Name="1558056848244.jpg" ObjID="174319717-25227-19875-134-76" DocRef="394554918-58028-20191-138-214.dat"/>
				<KnowledgeDocument Type="png" Name="Signature_201905170134182248.png" ObjID="1777644056-57178-18620-182-128" DocRef="1386918516-8382-16750-135-232.dat"/>
			</KnowledgeDocuments>
			<KnowledgeFields>
				<Field Name="DeliveryTime" Value="01:34"/>
				<Field Name="DeliveryDate" Value="17/05/2019"/>
				<Field Name="Driver" Value="gjohal"/>
				<Field Name="SignatureName" Value="davis"/>
				<Field Name="DeliveryID" Value="4567890123"/>
				<Field Name="Surname" Value="Hollings"/>
				<Field Name="Firstname" Value="Pat"/>
				<Field Name="Address" Value="52 High End Lane, Eccles, Manchester"/>
				<Field Name="Postcode" Value="M45 1XX"/>
				<Field Name="Signature" Value="C:\Nuance\MobileDemo\Home\WebCapture\WORK\c41d121e-c190-498f-8a88-b969450a9fce\Signature_201905170134182248.png"/>
				<Field Name="GPS" Value="53.8918291, -122.7699635"/>
				<Field Name="UserName" Value="gjohal"/>
				<Field Name="UserEmail" Value="gary.johal@ricoh.ca"/>
				<Field Name="UserHomeFolder" Value="\\NUAN-MOBAD01\HOME\gjohal"/>
				<Field Name="FormName" Value="Delivery Acceptance"/>
				<Field Name="JobID" Value="3148172285-6441-17587-179-144"/>
			</KnowledgeFields>
		</KnowledgeObject>
	</KnowledgeObjects>
</AutoStore>
