<?xml version="1.0" encoding="utf-8"?>
<AutoStore NSI_SIG2="962241B50AC820EDF04F74B42132E358229FA0E8717F051098BB7E159C0D05FE7E03DCE82B1434C5C2906C6299A0DD96">
	<Header Version="2" DateCreated="2019-03-28" TimeCreated="12:03:11" AUTHOR="" COMMENTS=""/>
	<KnowledgeObjects ObjID="1219206996-48343-16572-191-184">
		<KnowledgeObject ObjID="3415457231-4669-19705-148-87">
			<KnowledgeDocuments>
				<KnowledgeDocument Type="jpg" Name="cdv_photo_002.jpg" ObjID="1116769521-43903-16853-183-131" DocRef="223058948-13251-18555-163-93.dat"/>
				<KnowledgeDocument Type="png" Name="Signature_201903281203113545.png" ObjID="42770528-8637-18296-169-124" DocRef="922056868-36953-17014-184-133.dat"/>
			</KnowledgeDocuments>
			<KnowledgeFields>
				<Field Name="DeliveryTime" Value="12:03"/>
				<Field Name="DeliveryDate" Value="28/03/2019"/>
				<Field Name="Driver" Value="vsouto"/>
				<Field Name="SignatureName" Value="Vv"/>
				<Field Name="DeliveryID" Value="http://marsdrinksmobile.com/mars"/>
				<Field Name="Surname" Value=""/>
				<Field Name="Firstname" Value=""/>
				<Field Name="Address" Value=""/>
				<Field Name="Postcode" Value=""/>
				<Field Name="Signature" Value="C:\Nuance\MobileDemo\Home\WebCapture\WORK\88c045ee-e441-4b43-ad7f-6fdc921f883f\Signature_201903281203113545.png"/>
				<Field Name="GPS" Value="40.42409122307134, -80.04766352256227"/>
				<Field Name="UserName" Value="vsouto"/>
				<Field Name="UserEmail" Value="vsouto@kmbs.konicaminolta.us"/>
				<Field Name="UserHomeFolder" Value="\\NUAN-MOBAD01\HOME\vsouto"/>
				<Field Name="FormName" Value="Delivery Acceptance"/>
				<Field Name="JobID" Value="3415457231-4669-19705-148-87"/>
			</KnowledgeFields>
		</KnowledgeObject>
	</KnowledgeObjects>
</AutoStore>
