<?xml version="1.0" encoding="utf-8"?>
<AutoStore NSI_SIG2="AC17EFE321F7BF5229F669EC980C58AD0FB38E41138DE668D9C1D4D0D700979452DD1C31B38712C8D9AA49C30E7D671B">
	<Header Version="2" DateCreated="2019-03-26" TimeCreated="12:23:34" AUTHOR="" COMMENTS=""/>
	<KnowledgeObjects ObjID="1017022881-44464-19518-179-158">
		<KnowledgeObject ObjID="2829989972-59729-18321-154-228">
			<KnowledgeDocuments>
				<KnowledgeDocument Type="pdf" Name="CustomerIDLabels.pdf" ObjID="540278990-28802-18004-139-124" DocRef="1475126074-29180-18469-174-88.dat"/>
				<KnowledgeDocument Type="png" Name="Signature_201903261223337872.png" ObjID="2123266149-36079-17345-147-209" DocRef="730321275-43315-16781-163-163.dat"/>
			</KnowledgeDocuments>
			<KnowledgeFields>
				<Field Name="DeliveryTime" Value="12:23"/>
				<Field Name="DeliveryDate" Value="26/03/2019"/>
				<Field Name="Driver" Value="helmi.abudheir"/>
				<Field Name="SignatureName" Value="HAD"/>
				<Field Name="DeliveryID" Value="BEGIN:VCARD
N:Abudheir;Helmi
URL:www.xerox.com
EMAIL:helmi.abudheir@xerox.com
TEL:+97144558022
TEL;;TYPE=voice,cell:+971564475519
ADR:;;Ind. 073. IMPZ, Sheikh Mohammed Bin Zayed Road;Dubai;Dubai;500276;United Arab Emirates
END:VCARD"/>
				<Field Name="Surname" Value=""/>
				<Field Name="Firstname" Value=""/>
				<Field Name="Address" Value=""/>
				<Field Name="Postcode" Value=""/>
				<Field Name="Signature" Value="C:\Nuance\MobileDemo\Home\WebCapture\WORK\2eb6caff-9607-41dc-800f-483fc06620d0\Signature_201903261223337872.png"/>
				<Field Name="GPS" Value="25.031719476435573, 55.178004496686505"/>
				<Field Name="UserName" Value="helmi.abudheir"/>
				<Field Name="UserEmail" Value="helmi.abudheir@xerox.com"/>
				<Field Name="UserHomeFolder" Value="\\NUAN-MOBAD01\HOME\Helmi.Abudheir"/>
				<Field Name="FormName" Value="Delivery Acceptance"/>
				<Field Name="JobID" Value="2829989972-59729-18321-154-228"/>
			</KnowledgeFields>
		</KnowledgeObject>
	</KnowledgeObjects>
</AutoStore>
