<?xml version="1.0" encoding="utf-8"?>
<AutoStore NSI_SIG2="CF4CBF852EC1600D4B866F5455B8E96C148B7A343E1158F08F846376B06CA47BE7FFE96196BB4CEECB2276CF0F5B6001">
	<Header Version="2" DateCreated="2019-06-15" TimeCreated="17:24:31" AUTHOR="" COMMENTS=""/>
	<KnowledgeObjects ObjID="70767585-19858-19670-140-250">
		<KnowledgeObject ObjID="356357532-1051-18278-184-142">
			<KnowledgeDocuments>
				<KnowledgeDocument Type="m3u" Name="Protected File - 00001.m3u" ObjID="2843690455-20286-20068-190-92" DocRef="4056682989-6447-18898-140-60.dat"/>
				<KnowledgeDocument Type="png" Name="Signature_201906151724315306.png" ObjID="1408912361-61772-18621-180-211" DocRef="2497440872-21088-17748-157-176.dat"/>
			</KnowledgeDocuments>
			<KnowledgeFields>
				<Field Name="DeliveryTime" Value="17:24"/>
				<Field Name="DeliveryDate" Value="15/06/2019"/>
				<Field Name="Driver" Value="Xodice"/>
				<Field Name="SignatureName" Value="Cliff keen 1992"/>
				<Field Name="DeliveryID" Value="http://qr1.at/jK"/>
				<Field Name="Surname" Value=""/>
				<Field Name="Firstname" Value=""/>
				<Field Name="Address" Value=""/>
				<Field Name="Postcode" Value=""/>
				<Field Name="Signature" Value="C:\Nuance\MobileDemo\Home\WebCapture\WORK\d926fad3-5d0b-41f3-bc9e-daf95f5b4170\Signature_201906151724315306.png"/>
				<Field Name="GPS" Value="43.29982061685133, -72.47373848548335"/>
				<Field Name="UserName" Value="Xodice"/>
				<Field Name="UserEmail" Value="Nparillo@ssdvermont.com"/>
				<Field Name="UserHomeFolder" Value="\\NUAN-MOBAD01\HOME\Xodice"/>
				<Field Name="FormName" Value="Delivery Acceptance"/>
				<Field Name="JobID" Value="356357532-1051-18278-184-142"/>
			</KnowledgeFields>
		</KnowledgeObject>
	</KnowledgeObjects>
</AutoStore>
