<?xml version="1.0" encoding="utf-8"?>
<AutoStore NSI_SIG2="EF96FEA7EAD9CA99866C078B3A383FE4FEA67419CEF418AE48123B2DAB979A0CF17C7E0842386CE4DDA552FBA3919AB4">
	<Header Version="2" DateCreated="2019-06-27" TimeCreated="14:40:48" AUTHOR="" COMMENTS=""/>
	<KnowledgeObjects ObjID="1022952168-39799-17169-162-226">
		<KnowledgeObject ObjID="3684101836-5683-18562-168-3">
			<KnowledgeDocuments>
				<KnowledgeDocument Type="pdf" Name="Insurance Card.pdf" ObjID="2634355026-27422-17543-162-238" DocRef="947945727-50245-19612-182-186.dat"/>
				<KnowledgeDocument Type="png" Name="Signature_201906271440479174.png" ObjID="3548522815-27878-16423-142-97" DocRef="3493425123-53658-19616-138-201.dat"/>
			</KnowledgeDocuments>
			<KnowledgeFields>
				<Field Name="DeliveryTime" Value="14:40"/>
				<Field Name="DeliveryDate" Value="27/06/2019"/>
				<Field Name="Driver" Value="Kyle.Macdonald"/>
				<Field Name="SignatureName" Value="MacDonald"/>
				<Field Name="DeliveryID" Value="4567890123"/>
				<Field Name="Surname" Value="Hollings"/>
				<Field Name="Firstname" Value="Pat"/>
				<Field Name="Address" Value="52 High End Lane, Eccles, Manchester"/>
				<Field Name="Postcode" Value="M45 1XX"/>
				<Field Name="Signature" Value="C:\Nuance\MobileDemo\Home\WebCapture\WORK\d868af05-25bf-4b7a-9666-3edc01686a91\Signature_201906271440479174.png"/>
				<Field Name="GPS" Value="43.5592957, -80.222989"/>
				<Field Name="UserName" Value="Kyle.Macdonald"/>
				<Field Name="UserEmail" Value="kyle.macdonald@kofax.com"/>
				<Field Name="UserHomeFolder" Value="\\NUAN-MOBAD01\HOME\Kyle.Macdonald"/>
				<Field Name="FormName" Value="Delivery Acceptance"/>
				<Field Name="JobID" Value="3684101836-5683-18562-168-3"/>
			</KnowledgeFields>
		</KnowledgeObject>
	</KnowledgeObjects>
</AutoStore>
