<?xml version="1.0" encoding="utf-8"?>
<AutoStore NSI_SIG2="3E41989B8F06AE59AC224D77D34DC0E74C860668CEC7668A64A3AF769D99E0426BA496E0643DFBE2EB73145816B100F7">
	<Header Version="2" DateCreated="2019-06-26" TimeCreated="20:15:59" AUTHOR="" COMMENTS=""/>
	<KnowledgeObjects ObjID="1957268397-44528-17669-191-208">
		<KnowledgeObject ObjID="284538936-64607-16531-128-121">
			<KnowledgeDocuments>
				<KnowledgeDocument Type="pdf" Name="Discharge Instructions.pdf" ObjID="478227416-49879-19114-154-27" DocRef="1209152720-20421-18895-152-201.dat"/>
				<KnowledgeDocument Type="png" Name="Signature_201906262015586778.png" ObjID="799147867-35577-18789-162-234" DocRef="235656246-54439-19126-128-132.dat"/>
			</KnowledgeDocuments>
			<KnowledgeFields>
				<Field Name="DeliveryTime" Value="20:15"/>
				<Field Name="DeliveryDate" Value="26/06/2019"/>
				<Field Name="Driver" Value="Kyle.Macdonald"/>
				<Field Name="SignatureName" Value="MacDonald"/>
				<Field Name="DeliveryID" Value="3456789012"/>
				<Field Name="Surname" Value="Smith"/>
				<Field Name="Firstname" Value="Sam"/>
				<Field Name="Address" Value="3 The Cottages, Worsley, Manchester"/>
				<Field Name="Postcode" Value="M32 5TQ"/>
				<Field Name="Signature" Value="C:\Nuance\MobileDemo\Home\WebCapture\WORK\41457d45-27be-43ad-9187-66a45959e7ed\Signature_201906262015586778.png"/>
				<Field Name="GPS" Value="43.5593009, -80.2229828"/>
				<Field Name="UserName" Value="Kyle.Macdonald"/>
				<Field Name="UserEmail" Value="kyle.macdonald@kofax.com"/>
				<Field Name="UserHomeFolder" Value="\\NUAN-MOBAD01\HOME\Kyle.Macdonald"/>
				<Field Name="FormName" Value="Delivery Acceptance"/>
				<Field Name="JobID" Value="284538936-64607-16531-128-121"/>
			</KnowledgeFields>
		</KnowledgeObject>
	</KnowledgeObjects>
</AutoStore>
