<?xml version="1.0" encoding="utf-8"?>
<AutoStore NSI_SIG2="CE6A83724CF23F5D002C8AE166B77A97C6F8668A3FD6045CF3777CB7A6496774123D038DD7D7B35575E58265C1C83A83">
	<Header Version="2" DateCreated="2018-12-09" TimeCreated="23:35:48" AUTHOR="" COMMENTS=""/>
	<KnowledgeObjects ObjID="2100435657-3973-19446-135-255">
		<KnowledgeObject ObjID="22463511-53683-17548-143-18">
			<KnowledgeDocuments>
				<KnowledgeDocument Type="jpg" Name="cdv_photo_001-1.jpg" ObjID="571602912-13142-18515-145-174" DocRef="2515652512-20530-17932-161-171.dat"/>
			</KnowledgeDocuments>
			<KnowledgeFields>
				<Field Name="UserName" Value="adelfra44"/>
				<Field Name="UserEmail" Value="antonio.delfrancia@nuance.com"/>
				<Field Name="UserHomeFolder" Value="\\NUAN-MOBAD01\HOME\adelfra44"/>
				<Field Name="FormName" Value="Classification Example"/>
				<Field Name="JobID" Value="22463511-53683-17548-143-18"/>
				<Field Name="Section" Value="Security and GDPR"/>
				<Field Name="RequestType" Value="Folder"/>
			</KnowledgeFields>
		</KnowledgeObject>
	</KnowledgeObjects>
</AutoStore>
