<?xml version="1.0" encoding="utf-8"?>
<AutoStore NSI_SIG2="788CF95E2474A2EA601BE175DA0C8BC3FAD3BD542779C47B9765FF52E24F0DD5FEC4F915D832C0D056EC18047988F061">
	<Header Version="2" DateCreated="2018-12-21" TimeCreated="12:19:56" AUTHOR="" COMMENTS=""/>
	<KnowledgeObjects ObjID="2222758936-18550-16799-191-72">
		<KnowledgeObject ObjID="842312404-6580-20198-146-100">
			<KnowledgeDocuments>
				<KnowledgeDocument Type="pdf" Name="POD-Address Labels.pdf" ObjID="970830103-12745-18825-153-64" DocRef="1949619288-11490-17355-189-200.dat"/>
			</KnowledgeDocuments>
			<KnowledgeFields>
				<Field Name="DocClass" Value="Not Found"/>
				<Field Name="UserName" Value="jvidal"/>
				<Field Name="UserEmail" Value="jvidal@csa.canon.com"/>
				<Field Name="UserHomeFolder" Value="\\NUAN-MOBAD01\HOME\jvidal"/>
				<Field Name="FormName" Value="Classification Example"/>
				<Field Name="JobID" Value="842312404-6580-20198-146-100"/>
				<Field Name="Section" Value="Security and GDPR"/>
				<Field Name="RequestType" Value="Email"/>
			</KnowledgeFields>
		</KnowledgeObject>
	</KnowledgeObjects>
</AutoStore>
