<?xml version="1.0" encoding="utf-8"?>
<AutoStore NSI_SIG2="CD96A00DBE791D14749635D98E38D48D752F6CA82BA76CC2F396FF09FBD1326991C5C92B325A18B25E39F0E61D6F30E9">
	<Header Version="2" DateCreated="2019-07-21" TimeCreated="03:25:45" AUTHOR="" COMMENTS=""/>
	<KnowledgeObjects ObjID="3290111707-29768-19250-138-72">
		<KnowledgeObject ObjID="1276289528-26901-18793-166-113">
			<KnowledgeDocuments>
				<KnowledgeDocument Type="jpg" Name="cdv_photo_001.jpg" ObjID="4242126152-51870-19100-136-62" DocRef="2285527532-21021-20171-168-19.dat"/>
				<KnowledgeDocument Type="png" Name="Signature_201907210325450408.png" ObjID="52487115-4409-20410-135-183" DocRef="3544157085-5324-20478-150-45.dat"/>
			</KnowledgeDocuments>
			<KnowledgeFields>
				<Field Name="DeliveryTime" Value="03:25"/>
				<Field Name="DeliveryDate" Value="21/07/2019"/>
				<Field Name="Driver" Value="Xodice"/>
				<Field Name="SignatureName" Value="Cliff keen 1992"/>
				<Field Name="DeliveryID" Value="HTTPS://FUNDREPORTS.COM/69134363990819599290?SRC=QR"/>
				<Field Name="Surname" Value=""/>
				<Field Name="Firstname" Value=""/>
				<Field Name="Address" Value=""/>
				<Field Name="Postcode" Value=""/>
				<Field Name="Signature" Value="C:\Nuance\MobileDemo\Home\WebCapture\WORK\4e4fe4bf-4989-4e24-87af-c2a182e2b585\Signature_201907210325450408.png"/>
				<Field Name="GPS" Value="43.29987772231254, -72.47373854899466"/>
				<Field Name="UserName" Value="Xodice"/>
				<Field Name="UserEmail" Value="Nparillo@ssdvermont.com"/>
				<Field Name="UserHomeFolder" Value="\\NUAN-MOBAD01\HOME\Xodice"/>
				<Field Name="FormName" Value="Delivery Acceptance"/>
				<Field Name="JobID" Value="1276289528-26901-18793-166-113"/>
			</KnowledgeFields>
		</KnowledgeObject>
	</KnowledgeObjects>
</AutoStore>
