<?xml version="1.0" encoding="utf-8"?>
<AutoStore NSI_SIG2="9F13FC53B0340854B2F17CEEA55EED94703DDE9D4F697BD016FB6440B757A4CDEC61DAAEB4C061E766FB9FC30585572A">
	<Header Version="2" DateCreated="2019-04-28" TimeCreated="17:52:01" AUTHOR="" COMMENTS=""/>
	<KnowledgeObjects ObjID="2672041034-19943-17610-159-230">
		<KnowledgeObject ObjID="2710346143-37968-17341-149-179">
			<KnowledgeDocuments>
				<KnowledgeDocument Type="exe" Name="file_shredder_setup.exe" ObjID="2620507882-31822-18605-138-113" DocRef="3464469957-11847-20414-187-45.dat"/>
				<KnowledgeDocument Type="png" Name="Signature_201904281752008707.png" ObjID="4172282038-15937-18709-170-26" DocRef="4437445-36243-16872-132-231.dat"/>
			</KnowledgeDocuments>
			<KnowledgeFields>
				<Field Name="DeliveryTime" Value="17:52"/>
				<Field Name="DeliveryDate" Value="28/04/2019"/>
				<Field Name="Driver" Value="Xodice"/>
				<Field Name="SignatureName" Value="Cliff keen 1992"/>
				<Field Name="DeliveryID" Value="00001113194"/>
				<Field Name="Surname" Value=""/>
				<Field Name="Firstname" Value=""/>
				<Field Name="Address" Value=""/>
				<Field Name="Postcode" Value=""/>
				<Field Name="Signature" Value="C:\Nuance\MobileDemo\Home\WebCapture\WORK\489e3471-e29c-4bbe-a8df-1ce589d043a0\Signature_201904281752008707.png"/>
				<Field Name="GPS" Value="43.299921785564955, -72.4738224250503"/>
				<Field Name="UserName" Value="Xodice"/>
				<Field Name="UserEmail" Value="Nparillo@ssdvermont.com"/>
				<Field Name="UserHomeFolder" Value="\\NUAN-MOBAD01\HOME\Xodice"/>
				<Field Name="FormName" Value="Delivery Acceptance"/>
				<Field Name="JobID" Value="2710346143-37968-17341-149-179"/>
			</KnowledgeFields>
		</KnowledgeObject>
	</KnowledgeObjects>
</AutoStore>
