<?xml version="1.0" encoding="utf-8"?>
<AutoStore NSI_SIG2="80216A873525C5FE665D6AD749E06B395486C7B2F7910A038BCA136E7D1E1088FBAD2411EA295DDFB6B37DFF8CD2D01D">
	<Header Version="2" DateCreated="2018-04-05" TimeCreated="11:43:39" AUTHOR="" COMMENTS=""/>
	<KnowledgeObjects ObjID="1045696997-5468-19123-174-226">
		<KnowledgeObject ObjID="2996206378-14074-16833-186-252">
			<KnowledgeDocuments>
				<KnowledgeDocument Type="pdf" Name="Confirmation.pdf" ObjID="922009224-4423-20138-171-192" DocRef="1692165017-62866-19469-157-4.dat"/>
			</KnowledgeDocuments>
			<KnowledgeFields>
				<Field Name="AssessorSignature" Value="C:\Nuance\MobileDemo\Home\WebCapture\WORK\eeb5e82c-d005-4e79-b563-95a7a91d99ac\AssessorSignature_201711212041435666.png"/>
				<Field Name="AssessorName" Value="John Campbell-Higgens"/>
				<Field Name="Chargeable" Value="No"/>
				<Field Name="Type" Value="Missing"/>
				<Field Name="Category" Value="Doors"/>
				<Field Name="Urgency" Value="Critical"/>
				<Field Name="VisitDate" Value="21/11/2017"/>
				<Field Name="PostCode" Value="Bl3"/>
				<Field Name="HouseNumber" Value="1234"/>
				<Field Name="RenameSchema" Value="Bl3-1234-Critical-Doors"/>
				<Field Name="Section" Value="Housing and Tenancies\Housing Associations"/>
				<Field Name="FormName" Value="Issue Assessment Form"/>
				<Field Name="JobID" Value="2996206378-14074-16833-186-252"/>
				<Field Name="UserHomeFolder" Value="\\as-of360\users\Matt"/>
				<Field Name="UserEmail" Value=""/>
				<Field Name="UserName" Value="matt"/>
				<Field Name="FileCount" Value="1"/>
			</KnowledgeFields>
		</KnowledgeObject>
	</KnowledgeObjects>
</AutoStore>
