<?xml version="1.0" encoding="utf-8"?>
<AutoStore NSI_SIG2="102E5BBC16298CB71BAEFBA67F6748510EA9167F880480636A5FC03EED1E7AC868E3B9837758E8A2A21C50A6F4F440C1">
	<Header Version="2" DateCreated="2019-07-30" TimeCreated="22:20:03" AUTHOR="" COMMENTS=""/>
	<KnowledgeObjects ObjID="4258440508-18625-18813-163-173">
		<KnowledgeObject ObjID="3070611024-38551-19758-128-146">
			<KnowledgeDocuments>
				<KnowledgeDocument Type="pdf" Name="POD_http___www.vmp.mobi_ford_101103058FD            _1.pdf" ObjID="4020754616-19193-17204-130-109" DocRef="43004060-23185-16607-175-39.dat"/>
				<KnowledgeDocument Type="png" Name="Signature_201907302220029602.png" ObjID="4052491208-60674-18876-183-49" DocRef="713451469-60880-19784-190-84.dat"/>
			</KnowledgeDocuments>
			<KnowledgeFields>
				<Field Name="DeliveryTime" Value="22:20"/>
				<Field Name="DeliveryDate" Value="30/07/2019"/>
				<Field Name="Driver" Value="Xodice"/>
				<Field Name="SignatureName" Value="Cliff keen 1992"/>
				<Field Name="DeliveryID" Value="http://appinventor.googlelabs.com/ode/download/project-output/7404/Android"/>
				<Field Name="Surname" Value=""/>
				<Field Name="Firstname" Value=""/>
				<Field Name="Address" Value=""/>
				<Field Name="Postcode" Value=""/>
				<Field Name="Signature" Value="C:\Nuance\MobileDemo\Home\WebCapture\WORK\dfc1bbcd-4fc8-41f7-86e5-faa9662f3c19\Signature_201907302220029602.png"/>
				<Field Name="GPS" Value="43.29991156756938, -72.47370097605116"/>
				<Field Name="UserName" Value="Xodice"/>
				<Field Name="UserEmail" Value="Nparillo@ssdvermont.com"/>
				<Field Name="UserHomeFolder" Value="\\NUAN-MOBAD01\HOME\Xodice"/>
				<Field Name="FormName" Value="Delivery Acceptance"/>
				<Field Name="JobID" Value="3070611024-38551-19758-128-146"/>
			</KnowledgeFields>
		</KnowledgeObject>
	</KnowledgeObjects>
</AutoStore>
