<?xml version="1.0" encoding="utf-8"?>
<AutoStore NSI_SIG2="829AC42F167DCA79E8353D89AFF76472AA60E660AC7EC135432624FE2F036007639296678B482120BBCC98F5895E135F">
	<Header Version="2" DateCreated="2019-06-26" TimeCreated="19:22:29" AUTHOR="" COMMENTS=""/>
	<KnowledgeObjects ObjID="2888360723-29949-19810-135-108">
		<KnowledgeObject ObjID="461189644-30945-20434-145-144">
			<KnowledgeDocuments>
				<KnowledgeDocument Type="jpg" Name="1561576930377.jpg" ObjID="3587997898-46231-19853-174-28" DocRef="2567032213-44381-19172-143-189.dat"/>
				<KnowledgeDocument Type="png" Name="Signature_201906261922287711.png" ObjID="2276286310-60156-16830-164-13" DocRef="1608959527-56754-19145-142-10.dat"/>
			</KnowledgeDocuments>
			<KnowledgeFields>
				<Field Name="DeliveryTime" Value="19:22"/>
				<Field Name="DeliveryDate" Value="26/06/2019"/>
				<Field Name="Driver" Value="jdfields1"/>
				<Field Name="SignatureName" Value="Fields"/>
				<Field Name="DeliveryID" Value="1234567890"/>
				<Field Name="Surname" Value="Campbell-Higgens"/>
				<Field Name="Firstname" Value="John"/>
				<Field Name="Address" Value="Ainsworth Road, Bolton"/>
				<Field Name="Postcode" Value="BL3 1RB"/>
				<Field Name="Signature" Value="C:\Nuance\MobileDemo\Home\WebCapture\WORK\342bcdbb-ee08-4844-8690-fa41ebb9c298\Signature_201906261922287711.png"/>
				<Field Name="GPS" Value="43.5438096, -79.6977432"/>
				<Field Name="UserName" Value="jdfields1"/>
				<Field Name="UserEmail" Value="john.fields@kofax.com"/>
				<Field Name="UserHomeFolder" Value="\\NUAN-MOBAD01\HOME\jdfields1"/>
				<Field Name="FormName" Value="Delivery Acceptance"/>
				<Field Name="JobID" Value="461189644-30945-20434-145-144"/>
			</KnowledgeFields>
		</KnowledgeObject>
	</KnowledgeObjects>
</AutoStore>
