<?xml version="1.0" encoding="utf-8"?>
<AutoStore NSI_SIG2="CCEE86E26A14844E894EDCBDD23C245CE2B615E78349C84D23636B64C090E1FC9DAAF2DB4338B0B4E3827756B30909EB">
	<Header Version="2" DateCreated="2019-06-10" TimeCreated="03:00:14" AUTHOR="" COMMENTS=""/>
	<KnowledgeObjects ObjID="3000630202-54806-17585-135-192">
		<KnowledgeObject ObjID="2137353440-63582-17827-168-174">
			<KnowledgeDocuments>
				<KnowledgeDocument Type="htm" Name="Hello,-1.htm" ObjID="2888175930-10882-17440-170-211" DocRef="3230725695-15563-18362-164-90.dat"/>
				<KnowledgeDocument Type="png" Name="Signature_201906100300135011.png" ObjID="1097734581-3217-20291-136-77" DocRef="2837809473-31576-17702-189-153.dat"/>
			</KnowledgeDocuments>
			<KnowledgeFields>
				<Field Name="DeliveryTime" Value="03:00"/>
				<Field Name="DeliveryDate" Value="10/06/2019"/>
				<Field Name="Driver" Value="Xodice"/>
				<Field Name="SignatureName" Value="Cliff keen @1992"/>
				<Field Name="DeliveryID" Value="HTTPS://FUNDREPORTS.COM/69134363990819599290?SRC=QR"/>
				<Field Name="Surname" Value=""/>
				<Field Name="Firstname" Value=""/>
				<Field Name="Address" Value=""/>
				<Field Name="Postcode" Value=""/>
				<Field Name="Signature" Value="C:\Nuance\MobileDemo\Home\WebCapture\WORK\759e4269-7cc2-47be-9511-33cff2c8e2d3\Signature_201906100300135011.png"/>
				<Field Name="GPS" Value="43.29979260506338, -72.47378698077152"/>
				<Field Name="UserName" Value="Xodice"/>
				<Field Name="UserEmail" Value="Nparillo@ssdvermont.com"/>
				<Field Name="UserHomeFolder" Value="\\NUAN-MOBAD01\HOME\Xodice"/>
				<Field Name="FormName" Value="Delivery Acceptance"/>
				<Field Name="JobID" Value="2137353440-63582-17827-168-174"/>
			</KnowledgeFields>
		</KnowledgeObject>
	</KnowledgeObjects>
</AutoStore>
