<?xml version="1.0" encoding="utf-8"?>
<AutoStore NSI_SIG2="13C5FF68FF9DB0BB96F520BFEDF0C431993A762BDE0C85524451C62BB49BEEB9D962C57DCA234AD278D2A1018DA1D637">
	<Header Version="2" DateCreated="2018-06-13" TimeCreated="21:20:22" AUTHOR="" COMMENTS=""/>
	<KnowledgeObjects ObjID="4291335805-52638-19208-132-64">
		<KnowledgeObject ObjID="2367719179-44303-19699-133-62">
			<KnowledgeDocuments>
				<KnowledgeDocument Type="png" Name="PatientSign_201806132120222997.png" ObjID="538684878-430-18111-176-207" DocRef="2790857409-22344-19447-141-59.dat"/>
			</KnowledgeDocuments>
			<KnowledgeFields>
				<Field Name="JobID" Value="2367719179-44303-19699-133-62"/>
				<Field Name="FormName" Value="New GP Patient Registration"/>
				<Field Name="UserHomeFolder" Value="\\NUAN-MOBAD01\HOME\bwalbridge2"/>
				<Field Name="UserEmail" Value="bryanwalbridge@gmail.com"/>
				<Field Name="UserName" Value="bwalbridge2"/>
				<Field Name="1stReg" Value=""/>
				<Field Name="3Months" Value=""/>
				<Field Name="Salutation" Value=""/>
				<Field Name="Surname" Value=""/>
				<Field Name="PrevSurname" Value=""/>
				<Field Name="Forenames" Value=""/>
				<Field Name="DateofBirth" Value=""/>
				<Field Name="Sex" Value=""/>
				<Field Name="NHSNo" Value="5682548"/>
				<Field Name="CHI" Value="128899"/>
				<Field Name="Address1" Value="30 Nutmeg Ct"/>
				<Field Name="Address2" Value=""/>
				<Field Name="Town" Value="Royersford"/>
				<Field Name="County" Value="Montgomery"/>
				<Field Name="Postcode" Value="19468"/>
				<Field Name="Phone" Value=""/>
				<Field Name="Mobile" Value="6103489568"/>
				<Field Name="Email" Value="Bryan.Walbridge@nuance.com"/>
				<Field Name="PrevDrName" Value=""/>
				<Field Name="PrevDrPractice" Value=""/>
				<Field Name="PrevDrAddress" Value=""/>
				<Field Name="PrevDrTown" Value=""/>
				<Field Name="PrevDrPostCode" Value=""/>
				<Field Name="PrevAddress1" Value=""/>
				<Field Name="PrevAddress2" Value=""/>
				<Field Name="PrevTown" Value=""/>
				<Field Name="PrevCounty" Value=""/>
				<Field Name="PrevPostCode" Value=""/>
				<Field Name="DateCame" Value=""/>
				<Field Name="DateLeave" Value=""/>
				<Field Name="RecentResidence" Value=""/>
				<Field Name="AFServiceNo" Value=""/>
				<Field Name="AFEnlistDate" Value=""/>
				<Field Name="AFReservist" Value=""/>
				<Field Name="AFLeaveDate" Value=""/>
				<Field Name="AF1stReg" Value=""/>
				<Field Name="AFPriorAddress" Value=""/>
				<Field Name="AFPriorPostCode" Value=""/>
				<Field Name="Identification" Value="Driving License"/>
			</KnowledgeFields>
		</KnowledgeObject>
	</KnowledgeObjects>
</AutoStore>
