<?xml version="1.0" encoding="utf-8"?>
<AutoStore NSI_SIG2="31906038A997B2B8EDA85778AA9D9260D11761F72CC53B0F560FB19E5CB622F85F0F0F283A122F8C88A098B41A79EC4E">
	<Header Version="2" DateCreated="2018-08-17" TimeCreated="20:18:05" AUTHOR="" COMMENTS=""/>
	<KnowledgeObjects ObjID="4191656456-46688-18681-171-69">
		<KnowledgeObject ObjID="1460561287-18445-17174-129-186">
			<KnowledgeDocuments>
				<KnowledgeDocument Type="docx" Name="Infinity Vendor Risk Assessment Questionnaire 2018.docx" ObjID="814949831-7570-19853-129-103" DocRef="3925023697-38332-16853-144-31.dat"/>
			</KnowledgeDocuments>
			<KnowledgeFields>
				<Field Name="CarReg" Value="Ydbdu"/>
				<Field Name="Visiting" Value="10002     "/>
				<Field Name="Company" Value="Nuances"/>
				<Field Name="Forename" Value="Kevin"/>
				<Field Name="Surname" Value="Mr"/>
				<Field Name="Section" Value="Visitor Book"/>
				<Field Name="UserFullName" Value="Kevin Diday"/>
				<Field Name="UserHomeFolder" Value="~WCC::User,%homeDiretory%~"/>
				<Field Name="UserEmail" Value="kevin.diday@nuance.com"/>
				<Field Name="UserName" Value="kdiday"/>
				<Field Name="JobID" Value="1460561287-18445-17174-129-186"/>
				<Field Name="FormName" Value="Visitor Check In"/>
				<Field Name="BadgeNumber" Value="12"/>
			</KnowledgeFields>
		</KnowledgeObject>
	</KnowledgeObjects>
</AutoStore>
