<?xml version="1.0" encoding="utf-8"?>
<AutoStore NSI_SIG2="1BABEB58B448AC34743BAB03345914F56CDA59404680203AE0F1FB109D4515AFDF1C65889D8B4AEA6B607308358C167E">
	<Header Version="2" DateCreated="2018-04-05" TimeCreated="11:45:12" AUTHOR="" COMMENTS=""/>
	<KnowledgeObjects ObjID="1974658978-17101-17431-159-10">
		<KnowledgeObject ObjID="4133366543-31713-19461-188-190">
			<KnowledgeDocuments>
				<KnowledgeDocument Type="pdf" Name="Confirmation.pdf" ObjID="1638728800-28910-17012-186-94" DocRef="1775387188-16064-16680-148-104.dat"/>
			</KnowledgeDocuments>
			<KnowledgeFields>
				<Field Name="AssessorSignature" Value="C:\Nuance\MobileDemo\Home\WebCapture\WORK\caddd5e0-cce0-4b0f-a15f-48b053311f95\AssessorSignature_201711212049252422.png"/>
				<Field Name="AssessorName" Value="John Campbell-Higgens"/>
				<Field Name="Chargeable" Value="No"/>
				<Field Name="Type" Value="Leaking"/>
				<Field Name="Category" Value="Mains Power"/>
				<Field Name="Urgency" Value="Critical"/>
				<Field Name="VisitDate" Value="21/11/2017"/>
				<Field Name="PostCode" Value="Bl3"/>
				<Field Name="HouseNumber" Value="1234"/>
				<Field Name="RenameSchema" Value="Bl3-1234-Critical-Mains Power"/>
				<Field Name="Section" Value="Housing and Tenancies\Housing Associations"/>
				<Field Name="FormName" Value="Issue Assessment Form"/>
				<Field Name="JobID" Value="4133366543-31713-19461-188-190"/>
				<Field Name="UserHomeFolder" Value="\\as-of360\users\Matt"/>
				<Field Name="UserEmail" Value=""/>
				<Field Name="UserName" Value="matt"/>
				<Field Name="FileCount" Value="1"/>
			</KnowledgeFields>
		</KnowledgeObject>
	</KnowledgeObjects>
</AutoStore>
