<?xml version="1.0" encoding="utf-8"?>
<AutoStore NSI_SIG2="EE80B07EC6BBB14C8C6E59F4B18CB8F670D2CCA50AD37CD480D35333B42D7BBF7FBE50D2C6180A32B56F538D7EEE5095">
	<Header Version="2" DateCreated="2020-03-05" TimeCreated="05:56:31" AUTHOR="" COMMENTS=""/>
	<KnowledgeObjects ObjID="3244862222-7436-20376-190-19">
		<KnowledgeObject ObjID="2943598740-15397-18981-188-128">
			<KnowledgeDocuments>
				<KnowledgeDocument Type="jpg" Name="1583416547604.jpg" ObjID="184437220-43942-19808-175-75" DocRef="846872729-48157-19667-177-148.dat"/>
			</KnowledgeDocuments>
			<KnowledgeFields>
				<Field Name="RenameSchema" Value="michael.gowland-20200305-055630"/>
				<Field Name="Section" Value="Security and GDPR"/>
				<Field Name="UserHomeFolder" Value="\\US01VMBCMD01\HOME\michael.gowland"/>
				<Field Name="UserEmail" Value="michael.gowland@capita.com"/>
				<Field Name="UserName" Value="michael.gowland"/>
				<Field Name="FormName" Value="Driving License Redaction"/>
				<Field Name="JobID" Value=""/>
			</KnowledgeFields>
		</KnowledgeObject>
	</KnowledgeObjects>
</AutoStore>
