<?xml version="1.0" encoding="utf-8"?>
<AutoStore NSI_SIG2="C469A9BBF2AF0FE9C3337DC42FB5BD3057D6C43C353A0E15B96380175B2DDE96A2CD93F70BE2BBD03CA705E934F97C36">
	<Header Version="2" DateCreated="2019-07-30" TimeCreated="22:21:23" AUTHOR="" COMMENTS=""/>
	<KnowledgeObjects ObjID="285721714-49188-19138-184-186">
		<KnowledgeObject ObjID="548702252-16392-20458-152-228">
			<KnowledgeDocuments>
				<KnowledgeDocument Type="pdf" Name="BGBLA_2006_I_113_(33).pdf" ObjID="2877258263-41673-17156-136-202" DocRef="3996891470-57080-18433-132-198.dat"/>
				<KnowledgeDocument Type="png" Name="Signature_201907302221229681.png" ObjID="2017806348-64051-19281-139-163" DocRef="2015984297-38023-19859-146-40.dat"/>
			</KnowledgeDocuments>
			<KnowledgeFields>
				<Field Name="DeliveryTime" Value="22:21"/>
				<Field Name="DeliveryDate" Value="30/07/2019"/>
				<Field Name="Driver" Value="Xodice"/>
				<Field Name="SignatureName" Value="Cliff keen 1992"/>
				<Field Name="DeliveryID" Value="http://appinventor.googlelabs.com/ode/download/project-output/7404/Android"/>
				<Field Name="Surname" Value=""/>
				<Field Name="Firstname" Value=""/>
				<Field Name="Address" Value=""/>
				<Field Name="Postcode" Value=""/>
				<Field Name="Signature" Value="C:\Nuance\MobileDemo\Home\WebCapture\WORK\49b33e46-43d6-486d-90d3-fb42f1a264e4\Signature_201907302221229681.png"/>
				<Field Name="GPS" Value="43.29978657711005, -72.4737124042662"/>
				<Field Name="UserName" Value="Xodice"/>
				<Field Name="UserEmail" Value="Nparillo@ssdvermont.com"/>
				<Field Name="UserHomeFolder" Value="\\NUAN-MOBAD01\HOME\Xodice"/>
				<Field Name="FormName" Value="Delivery Acceptance"/>
				<Field Name="JobID" Value="548702252-16392-20458-152-228"/>
			</KnowledgeFields>
		</KnowledgeObject>
	</KnowledgeObjects>
</AutoStore>
