<?xml version="1.0" encoding="utf-8"?>
<AutoStore NSI_SIG2="33A6EB7771F90A3A96ABFA6FCC8677FA70DC6DCCCD091BA35A13CB318BE46DD70E82E1FE051AA44ACAD442C6F60C35D3">
	<Header Version="2" DateCreated="2020-02-21" TimeCreated="10:10:50" AUTHOR="" COMMENTS=""/>
	<KnowledgeObjects ObjID="3819084814-7314-16562-128-107">
		<KnowledgeObject ObjID="1521667498-53833-20469-152-25">
			<KnowledgeDocuments>
				<KnowledgeDocument Type="pdf" Name="DBK62.pdf" ObjID="2342078365-48342-17336-129-239" DocRef="559464899-17326-18383-179-58.dat"/>
			</KnowledgeDocuments>
			<KnowledgeFields>
				<Field Name="TechName" Value="~WCC::User,%displayName%~"/>
				<Field Name="Signature" Value=""/>
				<Field Name="1M10" Value="0"/>
				<Field Name="1M9" Value="0"/>
				<Field Name="1M8" Value="0"/>
				<Field Name="1M7" Value="0"/>
				<Field Name="1M6" Value="0"/>
				<Field Name="1M5" Value="0"/>
				<Field Name="1M4" Value="0"/>
				<Field Name="1M3" Value="0"/>
				<Field Name="1M2" Value="0"/>
				<Field Name="1M1" Value="0"/>
				<Field Name="3M3" Value="1"/>
				<Field Name="3M2" Value="0"/>
				<Field Name="3M1" Value="0"/>
				<Field Name="12M5" Value="0"/>
				<Field Name="12M4" Value="0"/>
				<Field Name="12M3" Value="0"/>
				<Field Name="12M2" Value="0"/>
				<Field Name="12M1" Value="1"/>
				<Field Name="MachineName" Value="sdghsfdgh"/>
				<Field Name="Area" Value="sdfhsdfghy"/>
				<Field Name="MachineID" Value="23445"/>
				<Field Name="Section" Value="Field Maintenance"/>
				<Field Name="JobID" Value="1521667498-53833-20469-152-25"/>
				<Field Name="UserEmail" Value="phillip.dearborn@ricoh-usa.com"/>
				<Field Name="UserName" Value="pdearborn"/>
				<Field Name="FormName" Value="Machine Maintenance"/>
				<Field Name="UserHomeFolder" Value="\\US01VMBCMD01\HOME\pdearborn"/>
				<Field Name="RenameSchema" Value="Maintenance Worksheet DBK62 - 23445 -21 - Feb - 2020"/>
				<Field Name="FormDate" Value="02/21/20"/>
			</KnowledgeFields>
		</KnowledgeObject>
	</KnowledgeObjects>
</AutoStore>
