<?xml version="1.0" encoding="utf-8"?>
<AutoStore NSI_SIG2="3DDF198CDCE7247101FCDA51194D8CF38A31E6172BE39D58771EE3859A4666B3A2AF30AFDC12346FEBEB014C8940A302">
	<Header Version="2" DateCreated="2020-03-27" TimeCreated="08:07:20" AUTHOR="" COMMENTS=""/>
	<KnowledgeObjects ObjID="470150562-43207-17032-171-74">
		<KnowledgeObject ObjID="786165254-45049-18740-139-105">
			<KnowledgeDocuments>
				<KnowledgeDocument Type="docx" Name="32_Nuance_Business_Connect_Datasheet_0716_r2_EMEA.docx" ObjID="46326267-40750-17600-155-228" DocRef="1678357073-60253-19315-143-68.dat"/>
			</KnowledgeDocuments>
			<KnowledgeFields>
				<Field Name="FormName" Value="Office Documents to PDF"/>
				<Field Name="UserName" Value="HiggyUK"/>
				<Field Name="UserEmail" Value="john.campbellhiggens@kofax.com"/>
				<Field Name="Section" Value="Document Conversion"/>
				<Field Name="UserHomeFolder" Value="\\US01VMBCMD01\HOME\HiggyUK"/>
				<Field Name="Job_ID" Value="786165254-45049-18740-139-105"/>
			</KnowledgeFields>
		</KnowledgeObject>
	</KnowledgeObjects>
</AutoStore>
