<?xml version="1.0" encoding="utf-8"?>
<AutoStore NSI_SIG2="EA874FEDA4D7DD1D338EF6D4E407AC22BFE5C1B274441FF3DF8D39E1F9CDE573C6220872AB07F5B1ECC550AB3B0D2469">
	<Header Version="2" DateCreated="2018-05-29" TimeCreated="21:31:36" AUTHOR="" COMMENTS=""/>
	<KnowledgeObjects ObjID="3493319290-46562-18894-131-218">
		<KnowledgeObject ObjID="651872822-7413-18195-179-250">
			<KnowledgeDocuments>
				<KnowledgeDocument Type="jpg" Name="1527629472962.jpg" ObjID="3947459130-65215-16866-147-51" DocRef="1723885336-36366-19085-173-6.dat"/>
				<KnowledgeDocument Type="png" Name="Signature_201805292131202875.png" ObjID="1025267806-27973-19559-162-242" DocRef="1592693848-61725-19396-186-184.dat"/>
				<KnowledgeDocument Type="pdf" Name="POD.pdf" ObjID="2512599708-60637-20247-181-6" DocRef="1760028219-26521-17205-147-79.dat"/>
			</KnowledgeDocuments>
			<KnowledgeFields>
				<Field Name="DeliveryTime" Value="21:31"/>
				<Field Name="DeliveryDate" Value="29/05/2018"/>
				<Field Name="Driver" Value="terry"/>
				<Field Name="SignatureName" Value="Amyott"/>
				<Field Name="DeliveryID" Value="g2lylh2"/>
				<Field Name="Surname" Value=""/>
				<Field Name="Firstname" Value=""/>
				<Field Name="Address" Value=""/>
				<Field Name="Postcode" Value=""/>
				<Field Name="Signature" Value="C:\Nuance\MobileDemo\Home\WebCapture\WORK\f2dd17a4-90be-47ec-a20b-1867d46a40b3\Signature_201805292131202875.png"/>
				<Field Name="GPS" Value="49.2655296, -123.0148412"/>
				<Field Name="UserName" Value="terry"/>
				<Field Name="UserEmail" Value="terry.amyott@ricoh.ca"/>
				<Field Name="UserHomeFolder" Value="\\NUAN-MOBAD01\HOME\Terry"/>
				<Field Name="FormName" Value="Delivery Acceptance"/>
				<Field Name="JobID" Value="651872822-7413-18195-179-250"/>
			</KnowledgeFields>
		</KnowledgeObject>
	</KnowledgeObjects>
</AutoStore>
