<?xml version="1.0" encoding="utf-8"?>
<AutoStore NSI_SIG2="2603E61BC9E9EB57D601DD25232915BCF6184518B14AAB36ABA0AD52596088C7F6BC0EBAC19B1F6E1259EFE03C341F65">
	<Header Version="2" DateCreated="2019-06-09" TimeCreated="14:30:44" AUTHOR="" COMMENTS=""/>
	<KnowledgeObjects ObjID="971870010-21777-16783-154-173">
		<KnowledgeObject ObjID="4227054628-56164-20373-181-213">
			<KnowledgeDocuments>
				<KnowledgeDocument Type="m3u" Name="Protected File - 00001.m3u" ObjID="1197095217-1704-20438-164-243" DocRef="2775652310-22766-17796-180-90.dat"/>
				<KnowledgeDocument Type="png" Name="Signature_201906091430443804.png" ObjID="1825562113-4440-17454-169-122" DocRef="173991335-9760-19451-142-87.dat"/>
			</KnowledgeDocuments>
			<KnowledgeFields>
				<Field Name="DeliveryTime" Value="14:30"/>
				<Field Name="DeliveryDate" Value="09/06/2019"/>
				<Field Name="Driver" Value="Xodice"/>
				<Field Name="SignatureName" Value="Cliff keen 1992"/>
				<Field Name="DeliveryID" Value="http://www.bennypower.com/"/>
				<Field Name="Surname" Value=""/>
				<Field Name="Firstname" Value=""/>
				<Field Name="Address" Value=""/>
				<Field Name="Postcode" Value=""/>
				<Field Name="Signature" Value="C:\Nuance\MobileDemo\Home\WebCapture\WORK\06a14fcc-cde3-44ec-999c-dfe0a5d436f7\Signature_201906091430443804.png"/>
				<Field Name="GPS" Value="43.299780696216395, -72.4737375982038"/>
				<Field Name="UserName" Value="Xodice"/>
				<Field Name="UserEmail" Value="Nparillo@ssdvermont.com"/>
				<Field Name="UserHomeFolder" Value="\\NUAN-MOBAD01\HOME\Xodice"/>
				<Field Name="FormName" Value="Delivery Acceptance"/>
				<Field Name="JobID" Value="4227054628-56164-20373-181-213"/>
			</KnowledgeFields>
		</KnowledgeObject>
	</KnowledgeObjects>
</AutoStore>
