<?xml version="1.0" encoding="utf-8"?>
<AutoStore NSI_SIG2="F092D5BD8CF03BB3D8EAE54FDD8128FC6A562CD39481371E2BD3408315668201B68C519CAFD61BB8092B4D140DF0FEDC">
	<Header Version="2" DateCreated="2019-01-29" TimeCreated="13:50:45" AUTHOR="" COMMENTS=""/>
	<KnowledgeObjects ObjID="1481488394-18072-18533-142-57">
		<KnowledgeObject ObjID="4087849461-7295-16554-157-226">
			<KnowledgeDocuments>
				<KnowledgeDocument Type="TXT" Name="Patient - Allen_Beth.TXT" ObjID="2523925770-24770-16775-161-175" DocRef="546242958-34785-18646-154-221.dat"/>
			</KnowledgeDocuments>
			<KnowledgeFields>
				<Field Name="Section" Value="Healthcare\Patient Registration"/>
				<Field Name="JobID" Value="4087849461-7295-16554-157-226"/>
				<Field Name="FormName" Value="New Patient Admittance"/>
				<Field Name="UserHomeFolder" Value="\\NUAN-MOBAD01\HOME\betha"/>
				<Field Name="UserEmail" Value=""/>
				<Field Name="UserName" Value="betha"/>
				<Field Name="RenameSchema" Value="Patient - Allen_Beth"/>
				<Field Name="Forename" Value="Beth"/>
				<Field Name="Surname" Value="Allen"/>
				<Field Name="SSN" Value=""/>
				<Field Name="Street" Value=""/>
				<Field Name="City" Value=""/>
				<Field Name="State" Value=""/>
				<Field Name="ZIP" Value=""/>
				<Field Name="Reason" Value=""/>
			</KnowledgeFields>
		</KnowledgeObject>
	</KnowledgeObjects>
</AutoStore>
