<?xml version="1.0" encoding="utf-8"?>
<AutoStore NSI_SIG2="34F3253594D8717C18FE8D44004EC30F2EB272C2987EBF287CC9C177BD58E62E1D8EA3EDFEA68A316D704EB3ACD120F5">
	<Header Version="2" DateCreated="2019-07-30" TimeCreated="14:15:27" AUTHOR="" COMMENTS=""/>
	<KnowledgeObjects ObjID="1941360480-60252-16868-168-99">
		<KnowledgeObject ObjID="145257212-57055-17855-168-111">
			<KnowledgeDocuments>
				<KnowledgeDocument Type="htm" Name="Hello,-4.htm" ObjID="1788010702-23141-18207-171-185" DocRef="4050704203-58287-17467-164-167.dat"/>
				<KnowledgeDocument Type="png" Name="Signature_201907301415234107.png" ObjID="4032756274-10639-18082-142-190" DocRef="1040795834-15375-18904-128-85.dat"/>
			</KnowledgeDocuments>
			<KnowledgeFields>
				<Field Name="DeliveryTime" Value="14:15"/>
				<Field Name="DeliveryDate" Value="30/07/2019"/>
				<Field Name="Driver" Value="Xodice"/>
				<Field Name="SignatureName" Value="Cliff keen 1992"/>
				<Field Name="DeliveryID" Value="1-0-8791492R"/>
				<Field Name="Surname" Value=""/>
				<Field Name="Firstname" Value=""/>
				<Field Name="Address" Value=""/>
				<Field Name="Postcode" Value=""/>
				<Field Name="Signature" Value="C:\Nuance\MobileDemo\Home\WebCapture\WORK\b6dfe881-9efd-457c-8abc-c0b0a0d42980\Signature_201907301415234107.png"/>
				<Field Name="GPS" Value="43.29992157299192, -72.47371420764155"/>
				<Field Name="UserName" Value="Xodice"/>
				<Field Name="UserEmail" Value="Nparillo@ssdvermont.com"/>
				<Field Name="UserHomeFolder" Value="\\NUAN-MOBAD01\HOME\Xodice"/>
				<Field Name="FormName" Value="Delivery Acceptance"/>
				<Field Name="JobID" Value="145257212-57055-17855-168-111"/>
			</KnowledgeFields>
		</KnowledgeObject>
	</KnowledgeObjects>
</AutoStore>
