<?xml version="1.0" encoding="utf-8"?>
<AutoStore NSI_SIG2="D5058A1BB5256C549EF5D23AF17A7784A5778D9C276CCE606E9C9CF2540F79D772A4FE7DA1F718AE883CD7353EE1F804">
	<Header Version="2" DateCreated="2018-04-18" TimeCreated="14:02:01" AUTHOR="" COMMENTS=""/>
	<KnowledgeObjects ObjID="2823517833-43787-20028-145-150">
		<KnowledgeObject ObjID="3283620417-61936-18605-180-200">
			<KnowledgeDocuments>
				<KnowledgeDocument Type="pdf" Name="HomeCareDailyRecord.pdf" ObjID="1749748410-63813-19707-133-21" DocRef="918173252-50332-19098-182-104.dat"/>
			</KnowledgeDocuments>
			<KnowledgeFields>
				<Field Name="CareWorker" Value="Steve Strange"/>
				<Field Name="Medication" Value="No"/>
				<Field Name="Walker" Value="No"/>
				<Field Name="Assist" Value="No"/>
				<Field Name="Device" Value="No"/>
				<Field Name="Ambulation" Value="No"/>
				<Field Name="Diapers" Value="No"/>
				<Field Name="Ostomy" Value="No"/>
				<Field Name="Cath" Value="No"/>
				<Field Name="Bedpan" Value="No"/>
				<Field Name="Bedside" Value="No"/>
				<Field Name="Toilet" Value="No"/>
				<Field Name="Shaving" Value="No"/>
				<Field Name="Skincare" Value="No"/>
				<Field Name="Shampoo" Value="No"/>
				<Field Name="Oral" Value="No"/>
				<Field Name="BedBath" Value="No"/>
				<Field Name="Bath" Value="No"/>
				<Field Name="OtherDressing" Value="No"/>
				<Field Name="Assisted" Value="No"/>
				<Field Name="Self" Value="No"/>
				<Field Name="OtherTransferring" Value="No"/>
				<Field Name="Bedrest" Value="No"/>
				<Field Name="Chair" Value="No"/>
				<Field Name="Wheelchair" Value="No"/>
				<Field Name="AssistEating" Value="No"/>
				<Field Name="OfferFluids" Value="No"/>
				<Field Name="ServeMeals" Value="No"/>
				<Field Name="PrepareMeals" Value="No"/>
				<Field Name="VisitEndTime" Value="10.00"/>
				<Field Name="VisitStartTime" Value="9.00"/>
				<Field Name="VisitDate" Value="4/18/2018"/>
				<Field Name="DOB" Value="02-01-1947"/>
				<Field Name="Forename" Value="Peter"/>
				<Field Name="Surname" Value="Jones"/>
				<Field Name="PatientID" Value="P65100003"/>
				<Field Name="RenameSchema" Value="Patient Visit - Jones-Peter"/>
				<Field Name="Section" Value="HealthCare\Point of Care"/>
				<Field Name="JobID" Value="3283620417-61936-18605-180-200"/>
				<Field Name="FormName" Value="Home Care Daily Activity Record"/>
				<Field Name="UserHomeFolder" Value=""/>
				<Field Name="UserEmail" Value="steve.strange@nuance.com"/>
				<Field Name="UserName" Value="steve"/>
				<Field Name="FileCount" Value="1"/>
			</KnowledgeFields>
		</KnowledgeObject>
	</KnowledgeObjects>
</AutoStore>
