<?xml version="1.0" encoding="utf-8"?>
<AutoStore NSI_SIG2="741D7CE6ADB2B7DEA0BF759BB849A1786A04C8B725B7EDBA857E85F178657342C5649C41E675AE98EBDE13F3A8CD5D38">
	<Header Version="2" DateCreated="2020-01-22" TimeCreated="12:45:48" AUTHOR="" COMMENTS=""/>
	<KnowledgeObjects ObjID="1165297229-49544-16638-179-124">
		<KnowledgeObject ObjID="10873323-490-16674-153-72">
			<KnowledgeDocuments>
				<KnowledgeDocument Type="png" Name="Signed_202001221245147752.png" ObjID="4026586622-42313-18760-174-186" DocRef="2148730304-50724-16692-162-233.dat"/>
				<KnowledgeDocument Type="TXT" Name="TimeSheet.TXT" ObjID="2122781380-55484-17531-154-71" DocRef="420738755-44385-17195-168-247.dat"/>
				<KnowledgeDocument Type="PDF" Name="TimeSheet.PDF" ObjID="2776547914-49494-16928-155-136" DocRef="1949511354-64707-19383-181-126.dat"/>
			</KnowledgeDocuments>
			<KnowledgeFields>
				<Field Name="ContractorName" Value="~WCC::User,%displayName%~"/>
				<Field Name="Signature" Value="C:\Kofax\MobileDemo\Home\WebCapture\WORK\a1a2f72e-cfe0-4f97-b5d0-fa2a4675a2eb\Signed_202001221245147752.png"/>
				<Field Name="ContractorID" Value="Lance"/>
				<Field Name="FriHours" Value="08:00"/>
				<Field Name="FriEnd" Value="17:00"/>
				<Field Name="FriStart" Value="09:00"/>
				<Field Name="ThuHours" Value="08:00"/>
				<Field Name="ThuEnd" Value="17:00"/>
				<Field Name="ThuStart" Value="09:00"/>
				<Field Name="WedHours" Value="08:00"/>
				<Field Name="WedEnd" Value="17:00"/>
				<Field Name="WedStart" Value="09:00"/>
				<Field Name="TueHours" Value="08:00"/>
				<Field Name="TueEnd" Value="17:00"/>
				<Field Name="TueStart" Value="09:00"/>
				<Field Name="MonHours" Value="08:00"/>
				<Field Name="MonEnd" Value="17:00"/>
				<Field Name="MonStart" Value="09:00"/>
				<Field Name="WeekEnding" Value="21-01-2020"/>
				<Field Name="TimeSheetID" Value="0000283"/>
				<Field Name="TotalHours" Value="40:00"/>
				<Field Name="Submitted" Value="22-01-2020"/>
				<Field Name="UserName" Value="Lance"/>
				<Field Name="UserEmail" Value="lance.netherton@capita.com"/>
				<Field Name="UserHomeFolder" Value="\\US01VMBCMD01\HOME\Lance"/>
				<Field Name="FormName" Value="Submit TimeSheet"/>
				<Field Name="JobID" Value="10873323-490-16674-153-72"/>
			</KnowledgeFields>
		</KnowledgeObject>
	</KnowledgeObjects>
</AutoStore>
