<?xml version="1.0" encoding="utf-8"?>
<AutoStore NSI_SIG2="6B738A41D83B114F9CDC35E9340D15BB6460D077EB961259651A8241F648C2E4B1D465292746BDF0D37206A89C7F8BE1">
	<Header Version="2" DateCreated="2018-08-10" TimeCreated="14:57:47" AUTHOR="" COMMENTS=""/>
	<KnowledgeObjects ObjID="1301762805-62147-17921-162-152">
		<KnowledgeObject ObjID="1885454228-14997-17176-156-82">
			<KnowledgeDocuments>
				<KnowledgeDocument Type="jpg" Name="1533913055896.jpg" ObjID="1183803109-57312-19504-129-52" DocRef="3831786023-45084-20110-129-28.dat"/>
			</KnowledgeDocuments>
			<KnowledgeFields>
				<Field Name="UserName" Value="terry"/>
				<Field Name="UserEmail" Value="terry.amyott@ricoh.ca"/>
				<Field Name="UserHomeFolder" Value="\\NUAN-MOBAD01\HOME\Terry"/>
				<Field Name="FormName" Value="Classification Example"/>
				<Field Name="JobID" Value="1885454228-14997-17176-156-82"/>
				<Field Name="Section" Value="Security and GDPR"/>
				<Field Name="RequestType" Value="Email"/>
			</KnowledgeFields>
		</KnowledgeObject>
	</KnowledgeObjects>
</AutoStore>
