<?xml version="1.0" encoding="utf-8"?>
<AutoStore NSI_SIG2="E28A96AA5ACBA896E121926CC4EA13791E3B8B7F50982F8889F7679295402F4D1DC40C3FC824A96C25B7E33C121C0FD5">
	<Header Version="2" DateCreated="2018-09-12" TimeCreated="13:08:44" AUTHOR="" COMMENTS=""/>
	<KnowledgeObjects ObjID="3272500020-44397-19002-129-173">
		<KnowledgeObject ObjID="2794138903-36020-17734-138-21">
			<KnowledgeDocuments>
				<KnowledgeDocument Type="jpg" Name="1536757692586.jpg" ObjID="3975506915-31262-17519-165-188" DocRef="3644292985-59765-19539-128-127.dat"/>
			</KnowledgeDocuments>
			<KnowledgeFields>
				<Field Name="DocClass" Value="Not Found"/>
				<Field Name="UserName" Value="oconstance"/>
				<Field Name="UserEmail" Value="olivier.constance@ricoh.fr"/>
				<Field Name="UserHomeFolder" Value="\\NUAN-MOBAD01\HOME\oconstance"/>
				<Field Name="FormName" Value="Classification Example"/>
				<Field Name="JobID" Value="2794138903-36020-17734-138-21"/>
				<Field Name="Section" Value="Security and GDPR"/>
				<Field Name="RequestType" Value="Folder"/>
			</KnowledgeFields>
		</KnowledgeObject>
	</KnowledgeObjects>
</AutoStore>
