<?xml version="1.0" encoding="utf-8"?>
<AutoStore NSI_SIG2="A58EBC9FCEFA4D4ED5E0F41FBC70C26BBF3AC92322802FE497912C67E772DE4C72ED267AF15166DF53FEFA76D2B831B6">
	<Header Version="2" DateCreated="2019-04-04" TimeCreated="19:38:07" AUTHOR="" COMMENTS=""/>
	<KnowledgeObjects ObjID="2656699937-27449-19185-149-118">
		<KnowledgeObject ObjID="296157929-54281-18720-189-19">
			<KnowledgeDocuments>
				<KnowledgeDocument Type="jpg" Name="1554406658999.jpg" ObjID="1286898884-41704-18366-157-182" DocRef="3688909548-13660-20281-145-123.dat"/>
				<KnowledgeDocument Type="png" Name="Signature_201904041938075645.png" ObjID="2589769007-9159-17779-163-244" DocRef="420811995-43779-20378-187-158.dat"/>
			</KnowledgeDocuments>
			<KnowledgeFields>
				<Field Name="DeliveryTime" Value="19:38"/>
				<Field Name="DeliveryDate" Value="04/04/2019"/>
				<Field Name="Driver" Value="jdfields"/>
				<Field Name="SignatureName" Value="F"/>
				<Field Name="DeliveryID" Value="1234567890"/>
				<Field Name="Surname" Value="Campbell-Higgens"/>
				<Field Name="Firstname" Value="John"/>
				<Field Name="Address" Value="Ainsworth Road, Bolton"/>
				<Field Name="Postcode" Value="BL3 1RB"/>
				<Field Name="Signature" Value="C:\Nuance\MobileDemo\Home\WebCapture\WORK\950e7f8d-6a68-4e3a-839a-6204b587ec4d\Signature_201904041938075645.png"/>
				<Field Name="GPS" Value="43.6615486, -79.6577855"/>
				<Field Name="UserName" Value="jdfields"/>
				<Field Name="UserEmail" Value="john.fields@nuance.com"/>
				<Field Name="UserHomeFolder" Value="\\NUAN-MOBAD01\HOME\jdfields"/>
				<Field Name="FormName" Value="Delivery Acceptance"/>
				<Field Name="JobID" Value="296157929-54281-18720-189-19"/>
			</KnowledgeFields>
		</KnowledgeObject>
	</KnowledgeObjects>
</AutoStore>
