<?xml version="1.0" encoding="utf-8"?>
<AutoStore NSI_SIG2="1DC88D0220F1A1E7A3760912A592DD43FC74962B069C7A2F207AB4A62B5261809F12FE51D5230AE6CD9D7C3755766CA5">
	<Header Version="2" DateCreated="2019-01-04" TimeCreated="13:19:08" AUTHOR="" COMMENTS=""/>
	<KnowledgeObjects ObjID="2625831992-28420-19007-128-215">
		<KnowledgeObject ObjID="1360548157-18423-19311-176-183">
			<KnowledgeDocuments>
				<KnowledgeDocument Type="pdf" Name="CustomerIDLabels.pdf" ObjID="3980535465-12286-18774-152-68" DocRef="2422545922-35642-19956-161-82.dat"/>
			</KnowledgeDocuments>
			<KnowledgeFields>
				<Field Name="DocClass" Value="Not Found"/>
				<Field Name="UserName" Value="trupp@saxon.net"/>
				<Field Name="UserEmail" Value="trupp@saxon.net"/>
				<Field Name="UserHomeFolder" Value="\\NUAN-MOBAD01\HOME\trupp@saxon.net"/>
				<Field Name="FormName" Value="Classification Example"/>
				<Field Name="JobID" Value="1360548157-18423-19311-176-183"/>
				<Field Name="Section" Value="Security and GDPR"/>
				<Field Name="RequestType" Value="Email"/>
			</KnowledgeFields>
		</KnowledgeObject>
	</KnowledgeObjects>
</AutoStore>
