<?xml version="1.0" encoding="utf-8"?>
<AutoStore NSI_SIG2="93CF6F22FA0328328F855A1A58DA5B8A3819013A1FCBD4EDB6224433AF05AB839A1B3B7B020FFB068F5C022933475139">
	<Header Version="2" DateCreated="2019-01-13" TimeCreated="03:50:47" AUTHOR="" COMMENTS=""/>
	<KnowledgeObjects ObjID="3740305166-270-19812-187-191">
		<KnowledgeObject ObjID="2129907105-42202-16565-191-193">
			<KnowledgeDocuments>
				<KnowledgeDocument Type="pdf" Name="POD_http___www.vmp.mobi_ford_101103058FD            _1.pdf" ObjID="1841562498-8268-18161-150-77" DocRef="2439812465-23126-17919-184-161.dat"/>
				<KnowledgeDocument Type="png" Name="Signature_201901130350472784.png" ObjID="2230448434-43158-17137-161-80" DocRef="834800764-45609-16804-157-53.dat"/>
			</KnowledgeDocuments>
			<KnowledgeFields>
				<Field Name="DeliveryTime" Value="03:50"/>
				<Field Name="DeliveryDate" Value="13/01/2019"/>
				<Field Name="Driver" Value="xodice"/>
				<Field Name="SignatureName" Value="Cliff keen 1992"/>
				<Field Name="DeliveryID" Value="8980937638"/>
				<Field Name="Surname" Value=""/>
				<Field Name="Firstname" Value=""/>
				<Field Name="Address" Value=""/>
				<Field Name="Postcode" Value=""/>
				<Field Name="Signature" Value="C:\Nuance\MobileDemo\Home\WebCapture\WORK\2a951f58-b522-487c-9103-9b09df901fe6\Signature_201901130350472784.png"/>
				<Field Name="GPS" Value="43.29976895753783, -72.47373015501493"/>
				<Field Name="UserName" Value="xodice"/>
				<Field Name="UserEmail" Value="Nparillo@ssdvermont.com"/>
				<Field Name="UserHomeFolder" Value="\\NUAN-MOBAD01\HOME\Xodice"/>
				<Field Name="FormName" Value="Delivery Acceptance"/>
				<Field Name="JobID" Value="2129907105-42202-16565-191-193"/>
			</KnowledgeFields>
		</KnowledgeObject>
	</KnowledgeObjects>
</AutoStore>
