<?xml version="1.0" encoding="utf-8"?>
<AutoStore NSI_SIG2="BD9C34CA21699510E388C717DDCD9641945519EB9D4DE359C3DD43E7EA593E109E0331576548E35081FFC6FA78FED485">
	<Header Version="2" DateCreated="2019-07-10" TimeCreated="15:03:36" AUTHOR="" COMMENTS=""/>
	<KnowledgeObjects ObjID="1125406080-15110-19692-140-123">
		<KnowledgeObject ObjID="318639533-46228-19008-134-161">
			<KnowledgeDocuments>
				<KnowledgeDocument Type="pdf" Name="Machine ID Labels.pdf" ObjID="3493749778-10081-19667-183-94" DocRef="3013308895-28552-19626-167-166.dat"/>
				<KnowledgeDocument Type="png" Name="Signature_201907101503364282.png" ObjID="1632068970-42280-19881-168-7" DocRef="3454556898-19392-17594-191-45.dat"/>
			</KnowledgeDocuments>
			<KnowledgeFields>
				<Field Name="DeliveryTime" Value="15:03"/>
				<Field Name="DeliveryDate" Value="10/07/2019"/>
				<Field Name="Driver" Value="TerryLaCosse"/>
				<Field Name="SignatureName" Value="Lacosse"/>
				<Field Name="DeliveryID" Value="1234567890"/>
				<Field Name="Surname" Value="Campbell-Higgens"/>
				<Field Name="Firstname" Value="John"/>
				<Field Name="Address" Value="Ainsworth Road, Bolton"/>
				<Field Name="Postcode" Value="BL3 1RB"/>
				<Field Name="Signature" Value="C:\Nuance\MobileDemo\Home\WebCapture\WORK\e993c603-bd2b-448e-93f4-cc898befd4d2\Signature_201907101503364282.png"/>
				<Field Name="GPS" Value="47.2327364, -122.5494985"/>
				<Field Name="UserName" Value="TerryLaCosse"/>
				<Field Name="UserEmail" Value="terry.lacosse@kofax.com"/>
				<Field Name="UserHomeFolder" Value="\\NUAN-MOBAD01\HOME\TerryLaCosse"/>
				<Field Name="FormName" Value="Delivery Acceptance"/>
				<Field Name="JobID" Value="318639533-46228-19008-134-161"/>
			</KnowledgeFields>
		</KnowledgeObject>
	</KnowledgeObjects>
</AutoStore>
