<?xml version="1.0" encoding="utf-8"?>
<AutoStore NSI_SIG2="28E1D29DC9F2D7835C10EF652DAB4A5D41BCFA7E9AD567B234BED136D670A157907D872565E22F51B4092BD743F07B95">
	<Header Version="2" DateCreated="2019-02-27" TimeCreated="06:37:18" AUTHOR="" COMMENTS=""/>
	<KnowledgeObjects ObjID="1231324927-43099-19117-142-35">
		<KnowledgeObject ObjID="3902594308-36858-20151-161-73">
			<KnowledgeDocuments>
				<KnowledgeDocument Type="jpg" Name="1551249337366.jpg" ObjID="2693988910-49637-19355-172-72" DocRef="2876437171-17747-16812-178-173.dat"/>
				<KnowledgeDocument Type="jpg" Name="1551249368796.jpg" ObjID="641139066-3975-19031-175-35" DocRef="1043968288-64884-17649-183-110.dat"/>
				<KnowledgeDocument Type="jpg" Name="1551249379517.jpg" ObjID="2268794929-28979-19953-157-159" DocRef="971880685-35518-19272-186-181.dat"/>
				<KnowledgeDocument Type="jpg" Name="1551249392095.jpg" ObjID="51124295-27392-20292-174-21" DocRef="2937053720-51808-20449-165-188.dat"/>
				<KnowledgeDocument Type="jpg" Name="1551249403160.jpg" ObjID="4188738598-59800-19849-151-51" DocRef="3350047634-48670-19826-168-95.dat"/>
				<KnowledgeDocument Type="jpg" Name="1551249414996.jpg" ObjID="2445310761-35707-18877-153-42" DocRef="4071467571-49566-18798-184-253.dat"/>
			</KnowledgeDocuments>
			<KnowledgeFields>
				<Field Name="UserName" Value="npesce"/>
				<Field Name="UserEmail" Value="npesce@deloitte.lu"/>
				<Field Name="UserHomeFolder" Value="\\NUAN-MOBAD01\HOME\npesce"/>
				<Field Name="UserDispName" Value="npesce npesce"/>
				<Field Name="Convert" Value="p_0024"/>
				<Field Name="ConvertTo" Value="DOCX"/>
				<Field Name="NextTask" Value="p_0027"/>
				<Field Name="FormName" Value="Send to Email"/>
				<Field Name="JobID" Value="3902594308-36858-20151-161-73"/>
				<Field Name="RenameSchema" Value="Captured File"/>
				<Field Name="Section" Value="General Office Productivity"/>
			</KnowledgeFields>
		</KnowledgeObject>
	</KnowledgeObjects>
</AutoStore>
