<?xml version="1.0" encoding="utf-8"?>
<AutoStore NSI_SIG2="DFDFCEA557D8BCE5E6778491F6805C1C4A43A1850C97717080236D967062616B06DC6844E015A176B42C6DA6FA6CCCCB">
	<Header Version="2" DateCreated="2019-04-15" TimeCreated="22:44:43" AUTHOR="" COMMENTS=""/>
	<KnowledgeObjects ObjID="1602491017-60972-18440-187-103">
		<KnowledgeObject ObjID="938407520-8621-18523-152-67">
			<KnowledgeDocuments>
				<KnowledgeDocument Type="jpg" Name="1555368275724.jpg" ObjID="2826210160-12952-17656-136-143" DocRef="1555590544-4792-17827-144-191.dat"/>
				<KnowledgeDocument Type="png" Name="Signature_201904152244435783.png" ObjID="563937730-25308-18785-146-140" DocRef="3050084273-17201-19920-166-185.dat"/>
			</KnowledgeDocuments>
			<KnowledgeFields>
				<Field Name="DeliveryTime" Value="22:44"/>
				<Field Name="DeliveryDate" Value="15/04/2019"/>
				<Field Name="Driver" Value="jdfields"/>
				<Field Name="SignatureName" Value="Fields"/>
				<Field Name="DeliveryID" Value="1234567890"/>
				<Field Name="Surname" Value="Campbell-Higgens"/>
				<Field Name="Firstname" Value="John"/>
				<Field Name="Address" Value="Ainsworth Road, Bolton"/>
				<Field Name="Postcode" Value="BL3 1RB"/>
				<Field Name="Signature" Value="C:\Nuance\MobileDemo\Home\WebCapture\WORK\6c1e22b1-6fc4-4f85-b4c4-4102ee5a38aa\Signature_201904152244435783.png"/>
				<Field Name="GPS" Value="43.6897277, -79.6148462"/>
				<Field Name="UserName" Value="jdfields"/>
				<Field Name="UserEmail" Value="john.fields@nuance.com"/>
				<Field Name="UserHomeFolder" Value="\\NUAN-MOBAD01\HOME\jdfields"/>
				<Field Name="FormName" Value="Delivery Acceptance"/>
				<Field Name="JobID" Value="938407520-8621-18523-152-67"/>
			</KnowledgeFields>
		</KnowledgeObject>
	</KnowledgeObjects>
</AutoStore>
