<?xml version="1.0" encoding="utf-8"?>
<AutoStore NSI_SIG2="FA1E201AAC56B7643DE0D70AB67B51D3D3DDFD9BD919622C9A77F74476E12C7B83968F1FC38C4B49017FC47E9F60ECCB">
	<Header Version="2" DateCreated="2019-11-12" TimeCreated="13:53:29" AUTHOR="" COMMENTS=""/>
	<KnowledgeObjects ObjID="1410463608-56949-20287-185-67">
		<KnowledgeObject ObjID="1645170756-36541-17970-175-159">
			<KnowledgeDocuments>
				<KnowledgeDocument Type="png" Name="Signed_201911121353096730.png" ObjID="325432553-49746-17630-140-168" DocRef="1134925803-40844-16929-188-79.dat"/>
				<KnowledgeDocument Type="TXT" Name="TimeSheet.TXT" ObjID="2896497983-19237-20163-170-252" DocRef="1153805587-16219-20099-185-228.dat"/>
				<KnowledgeDocument Type="PDF" Name="TimeSheet.PDF" ObjID="3986157014-6571-18009-144-2" DocRef="856285624-59497-18101-162-7.dat"/>
			</KnowledgeDocuments>
			<KnowledgeFields>
				<Field Name="ContractorName" Value="~WCC::User,%displayName%~"/>
				<Field Name="Signature" Value="C:\Kofax\MobileDemo\Home\WebCapture\WORK\55c55485-bbb8-4692-b73e-cb6cfef89157\Signed_201911121353096730.png"/>
				<Field Name="ContractorID" Value="dmitry"/>
				<Field Name="FriHours" Value=""/>
				<Field Name="FriEnd" Value=""/>
				<Field Name="FriStart" Value=""/>
				<Field Name="ThuHours" Value=""/>
				<Field Name="ThuEnd" Value=""/>
				<Field Name="ThuStart" Value=""/>
				<Field Name="WedHours" Value=""/>
				<Field Name="WedEnd" Value=""/>
				<Field Name="WedStart" Value=""/>
				<Field Name="TueHours" Value=""/>
				<Field Name="TueEnd" Value=""/>
				<Field Name="TueStart" Value=""/>
				<Field Name="MonHours" Value=""/>
				<Field Name="MonEnd" Value=""/>
				<Field Name="MonStart" Value=""/>
				<Field Name="WeekEnding" Value="11-11-2019"/>
				<Field Name="TimeSheetID" Value="0000277"/>
				<Field Name="TotalHours" Value=""/>
				<Field Name="Submitted" Value="12-11-2019"/>
				<Field Name="UserName" Value="dmitry"/>
				<Field Name="UserEmail" Value="dmitry.krizhanovsky@kofax.com"/>
				<Field Name="UserHomeFolder" Value="\\US01VMBCMD01\HOME\dmitry"/>
				<Field Name="FormName" Value="Submit TimeSheet"/>
				<Field Name="JobID" Value="1645170756-36541-17970-175-159"/>
			</KnowledgeFields>
		</KnowledgeObject>
	</KnowledgeObjects>
</AutoStore>
