<?xml version="1.0" encoding="utf-8"?>
<AutoStore NSI_SIG2="5D195CA52373B188EB9DB315A87A35E3C0839195F16DEE5E732F0F8E9AA2D36B7A0522CFC30BF03D822477BD75213DA6">
	<Header Version="2" DateCreated="2019-01-12" TimeCreated="05:59:36" AUTHOR="" COMMENTS=""/>
	<KnowledgeObjects ObjID="4241971886-34074-18061-159-170">
		<KnowledgeObject ObjID="3642803633-11582-17646-161-18">
			<KnowledgeDocuments>
				<KnowledgeDocument Type="htm" Name="Hello,-11.htm" ObjID="1907356848-33506-19559-148-89" DocRef="2227644702-33324-17380-185-97.dat"/>
				<KnowledgeDocument Type="png" Name="Signature_201901120559290945.png" ObjID="781630418-58315-16498-178-206" DocRef="3873965890-6155-17749-170-159.dat"/>
			</KnowledgeDocuments>
			<KnowledgeFields>
				<Field Name="DeliveryTime" Value="05:59"/>
				<Field Name="DeliveryDate" Value="12/01/2019"/>
				<Field Name="Driver" Value="xodice"/>
				<Field Name="SignatureName" Value="Cliff keen 1992"/>
				<Field Name="DeliveryID" Value="http://www.vmp.mobi/ford/101103058FD            "/>
				<Field Name="Surname" Value=""/>
				<Field Name="Firstname" Value=""/>
				<Field Name="Address" Value=""/>
				<Field Name="Postcode" Value=""/>
				<Field Name="Signature" Value="C:\Nuance\MobileDemo\Home\WebCapture\WORK\7e94ca06-26bd-49fc-b1a6-1a24fe74fd61\Signature_201901120559290945.png"/>
				<Field Name="GPS" Value="43.29964694424368, -72.4737642401677"/>
				<Field Name="UserName" Value="xodice"/>
				<Field Name="UserEmail" Value="Nparillo@ssdvermont.com"/>
				<Field Name="UserHomeFolder" Value="\\NUAN-MOBAD01\HOME\Xodice"/>
				<Field Name="FormName" Value="Delivery Acceptance"/>
				<Field Name="JobID" Value="3642803633-11582-17646-161-18"/>
			</KnowledgeFields>
		</KnowledgeObject>
	</KnowledgeObjects>
</AutoStore>
