<?xml version="1.0" encoding="utf-8"?>
<AutoStore NSI_SIG2="BF2805A52787397C735F7BC60246790AC2EAB9A86A1D081698F8064D928F5D0DD1BB2C16CC563EF462FA58AEBE93E81C">
	<Header Version="2" DateCreated="2018-05-07" TimeCreated="16:17:24" AUTHOR="" COMMENTS=""/>
	<KnowledgeObjects ObjID="1448553449-19246-18180-176-3">
		<KnowledgeObject ObjID="1207960852-20460-17966-177-17">
			<KnowledgeDocuments>
				<KnowledgeDocument Type="pdf" Name="EngineerVisitReport.pdf" ObjID="3281586590-59045-20321-140-252" DocRef="3983666691-64473-18312-160-51.dat"/>
			</KnowledgeDocuments>
			<KnowledgeFields>
				<Field Name="VisitDate" Value="05/07/18"/>
				<Field Name="JobID" Value="1207960852-20460-17966-177-17"/>
				<Field Name="FormName" Value="MFP Engineer Report"/>
				<Field Name="UserName" Value="bill.holley"/>
				<Field Name="UserEmail" Value="bill.holley@nuance.com"/>
				<Field Name="UserHomeFolder" Value="\\NUAN-MOBAD01\HOME\bill.holley"/>
				<Field Name="Section" Value="Field Service"/>
				<Field Name="RenameSchema" Value="Engineer Report - Safe and Lock Solutions - Nuance MFD MFDC-7675"/>
				<Field Name="TimeIn" Value="800"/>
				<Field Name="TimeOut" Value="915"/>
				<Field Name="Engineer" Value="bill.holley bill.holley"/>
				<Field Name="FileCount" Value="3"/>
				<Field Name="CustomerID" Value="S01445"/>
				<Field Name="CustomerName" Value="Safe and Lock Solutions"/>
				<Field Name="Address" Value="Key House, Market Street, Marlow, SL7 1AD"/>
				<Field Name="Contact" Value="Toby Jones"/>
				<Field Name="Phone" Value="(01628) 491122"/>
				<Field Name="Mobile" Value="(07422) 528732"/>
				<Field Name="MachineID" Value="M12345"/>
				<Field Name="Make" Value="Nuance MFD MFDC-7675"/>
				<Field Name="SerialNo" Value="M7675124563"/>
				<Field Name="Colour" Value=""/>
				<Field Name="BW" Value=""/>
				<Field Name="WorkDone" Value="Replaced feeder mechanism, replace rollers, added new toner, clean the machine."/>
			</KnowledgeFields>
		</KnowledgeObject>
	</KnowledgeObjects>
</AutoStore>
