<?xml version="1.0" encoding="utf-8"?>
<AutoStore NSI_SIG2="6A136B29F71E6D81E74917B9C9E780B349E5583FB84FE24EC3FE8E962118C1CC9D2483D3D8187B4B95296BBBD33F11EE">
	<Header Version="2" DateCreated="2019-02-25" TimeCreated="14:55:40" AUTHOR="" COMMENTS=""/>
	<KnowledgeObjects ObjID="264324171-37294-19715-167-41">
		<KnowledgeObject ObjID="2186771791-32710-19538-128-152">
			<KnowledgeDocuments>
				<KnowledgeDocument Type="jpg" Name="1551106526759.jpg" ObjID="766233074-21135-18526-184-190" DocRef="3325625462-9312-20165-185-36.dat"/>
				<KnowledgeDocument Type="png" Name="Signature_201902251455404439.png" ObjID="2638862324-63414-16641-146-9" DocRef="2506823908-47689-18072-141-250.dat"/>
			</KnowledgeDocuments>
			<KnowledgeFields>
				<Field Name="DeliveryTime" Value="14:55"/>
				<Field Name="DeliveryDate" Value="25/02/2019"/>
				<Field Name="Driver" Value="zvonimir"/>
				<Field Name="SignatureName" Value="Tokic"/>
				<Field Name="DeliveryID" Value="623311220015R"/>
				<Field Name="Surname" Value=""/>
				<Field Name="Firstname" Value=""/>
				<Field Name="Address" Value=""/>
				<Field Name="Postcode" Value=""/>
				<Field Name="Signature" Value="C:\Nuance\MobileDemo\Home\WebCapture\WORK\de4ed794-130b-48fb-9b50-07dfd426140e\Signature_201902251455404439.png"/>
				<Field Name="GPS" Value="45.7641248, 15.980151"/>
				<Field Name="UserName" Value="zvonimir"/>
				<Field Name="UserEmail" Value="zvonimir.tokic@konicaminolta.hr"/>
				<Field Name="UserHomeFolder" Value="\\NUAN-MOBAD01\HOME\Zvonimir"/>
				<Field Name="FormName" Value="Delivery Acceptance"/>
				<Field Name="JobID" Value="2186771791-32710-19538-128-152"/>
			</KnowledgeFields>
		</KnowledgeObject>
	</KnowledgeObjects>
</AutoStore>
