<?xml version="1.0" encoding="utf-8"?>
<AutoStore NSI_SIG2="0F674883D08B579B0803475067741061071882530F0C6FA5D2337AFEEB284755DD9ECD199263183A89E7C9E67F462ABC">
	<Header Version="2" DateCreated="2019-07-29" TimeCreated="14:27:39" AUTHOR="" COMMENTS=""/>
	<KnowledgeObjects ObjID="4024566682-30006-17204-171-72">
		<KnowledgeObject ObjID="1088023506-51988-18375-154-12">
			<KnowledgeDocuments>
				<KnowledgeDocument Type="m3u" Name="Protected File - 00001.m3u" ObjID="2464207917-59303-19330-136-253" DocRef="157546896-3813-20097-130-141.dat"/>
				<KnowledgeDocument Type="png" Name="Signature_201907291427395358.png" ObjID="3853490007-53614-19976-186-98" DocRef="1255318751-37772-16654-168-143.dat"/>
			</KnowledgeDocuments>
			<KnowledgeFields>
				<Field Name="DeliveryTime" Value="14:27"/>
				<Field Name="DeliveryDate" Value="29/07/2019"/>
				<Field Name="Driver" Value="Xodice"/>
				<Field Name="SignatureName" Value="Cliff keen 1992"/>
				<Field Name="DeliveryID" Value="http://goo.gl/g9xP6g"/>
				<Field Name="Surname" Value=""/>
				<Field Name="Firstname" Value=""/>
				<Field Name="Address" Value=""/>
				<Field Name="Postcode" Value=""/>
				<Field Name="Signature" Value="C:\Nuance\MobileDemo\Home\WebCapture\WORK\06dd2a6b-a779-415f-8e7c-0b08bcf36a99\Signature_201907291427395358.png"/>
				<Field Name="GPS" Value="43.299954409649104, -72.47370551993741"/>
				<Field Name="UserName" Value="Xodice"/>
				<Field Name="UserEmail" Value="Nparillo@ssdvermont.com"/>
				<Field Name="UserHomeFolder" Value="\\NUAN-MOBAD01\HOME\Xodice"/>
				<Field Name="FormName" Value="Delivery Acceptance"/>
				<Field Name="JobID" Value="1088023506-51988-18375-154-12"/>
			</KnowledgeFields>
		</KnowledgeObject>
	</KnowledgeObjects>
</AutoStore>
