<?xml version="1.0" encoding="utf-8"?>
<AutoStore NSI_SIG2="394BB32CC7663043D7AFBAD26DD2AFE0B3F37ADE8E767CB5D1744F911AE329383AFF431D846360AFDB54DB3A18B16340">
	<Header Version="2" DateCreated="2019-06-09" TimeCreated="04:19:55" AUTHOR="" COMMENTS=""/>
	<KnowledgeObjects ObjID="2066054010-140-19320-139-95">
		<KnowledgeObject ObjID="1568507654-48894-19059-177-250">
			<KnowledgeDocuments>
				<KnowledgeDocument Type="m3u" Name="Protected File - 00001.m3u" ObjID="1715024665-46935-18074-172-100" DocRef="2619072984-26200-17440-149-25.dat"/>
			</KnowledgeDocuments>
			<KnowledgeFields>
				<Field Name="CarReg" Value="Gml 591"/>
				<Field Name="Visiting" Value="10004     "/>
				<Field Name="Company" Value="ActiprosoftwareLlc"/>
				<Field Name="Forename" Value="#dp9kqfert91z@jimmy*.facebook.com"/>
				<Field Name="Surname" Value="Cliff keen 1992"/>
				<Field Name="Section" Value="Visitor Book"/>
				<Field Name="UserFullName" Value="~WCC::User,%displayName%~"/>
				<Field Name="UserHomeFolder" Value="~WCC::User,%homeDiretory%~"/>
				<Field Name="UserEmail" Value="Nparillo@ssdvermont.com"/>
				<Field Name="UserName" Value="Xodice"/>
				<Field Name="JobID" Value="1568507654-48894-19059-177-250"/>
				<Field Name="FormName" Value="Visitor Check In"/>
				<Field Name="BadgeNumber" Value="587301"/>
			</KnowledgeFields>
		</KnowledgeObject>
	</KnowledgeObjects>
</AutoStore>
