<?xml version="1.0" encoding="utf-8"?>
<AutoStore NSI_SIG2="96120CA0CC3EA0CEDB3EC5676BFCAB2975482E60EE6A2C9B7B16AF13F9336DCC2F2E70C645107D7EFEA2F386F844B131">
	<Header Version="2" DateCreated="2019-02-20" TimeCreated="04:59:03" AUTHOR="" COMMENTS=""/>
	<KnowledgeObjects ObjID="674580112-10211-18614-130-169">
		<KnowledgeObject ObjID="3338299460-35420-16544-158-173">
			<KnowledgeDocuments>
				<KnowledgeDocument Type="gif" Name="activity[1].gif" ObjID="787031556-53226-18375-165-198" DocRef="1493765667-11372-16529-176-186.dat"/>
				<KnowledgeDocument Type="png" Name="Signature_201902200459027262.png" ObjID="675150514-33154-18076-170-149" DocRef="1024405733-24852-18007-144-154.dat"/>
			</KnowledgeDocuments>
			<KnowledgeFields>
				<Field Name="DeliveryTime" Value="04:59"/>
				<Field Name="DeliveryDate" Value="20/02/2019"/>
				<Field Name="Driver" Value="xodice"/>
				<Field Name="SignatureName" Value="Cliff keen 1992"/>
				<Field Name="DeliveryID" Value="NICHOLAS G PARILLO~4JC9-EJ4-TK57~D6274-0399309"/>
				<Field Name="Surname" Value=""/>
				<Field Name="Firstname" Value=""/>
				<Field Name="Address" Value=""/>
				<Field Name="Postcode" Value=""/>
				<Field Name="Signature" Value="C:\Nuance\MobileDemo\Home\WebCapture\WORK\9845c6ab-8a27-4748-85e5-b9eabb54faf3\Signature_201902200459027262.png"/>
				<Field Name="GPS" Value="43.29969273398923, -72.47373223487742"/>
				<Field Name="UserName" Value="xodice"/>
				<Field Name="UserEmail" Value="Nparillo@ssdvermont.com"/>
				<Field Name="UserHomeFolder" Value="\\NUAN-MOBAD01\HOME\Xodice"/>
				<Field Name="FormName" Value="Delivery Acceptance"/>
				<Field Name="JobID" Value="3338299460-35420-16544-158-173"/>
			</KnowledgeFields>
		</KnowledgeObject>
	</KnowledgeObjects>
</AutoStore>
