<?xml version="1.0" encoding="utf-8"?>
<AutoStore NSI_SIG2="D797773287A9EA6B42D217A9BFBC6D97A61A4264840B896F2FAACDC204DB1777C030E7A767DF0F7D52A4207AEA9DBE2B">
	<Header Version="2" DateCreated="2019-05-13" TimeCreated="03:28:33" AUTHOR="" COMMENTS=""/>
	<KnowledgeObjects ObjID="1593261867-2156-19043-171-103">
		<KnowledgeObject ObjID="2503505680-19713-18282-148-142">
			<KnowledgeDocuments>
				<KnowledgeDocument Type="pdf" Name="05156-0116-53 poplar-Low-Shower - 00001.pdf" ObjID="4164125753-5060-18768-182-12" DocRef="3882162668-2275-17742-167-74.dat"/>
				<KnowledgeDocument Type="png" Name="Signature_201905130328329598.png" ObjID="1030656386-34814-19359-128-7" DocRef="1028013145-27951-19091-165-110.dat"/>
			</KnowledgeDocuments>
			<KnowledgeFields>
				<Field Name="DeliveryTime" Value="03:28"/>
				<Field Name="DeliveryDate" Value="13/05/2019"/>
				<Field Name="Driver" Value="Xodice"/>
				<Field Name="SignatureName" Value="#observeme@ssdvt.org/mathdpartment.org/gaguy.org"/>
				<Field Name="DeliveryID" Value="http://goo.gl/2gmgg"/>
				<Field Name="Surname" Value=""/>
				<Field Name="Firstname" Value=""/>
				<Field Name="Address" Value=""/>
				<Field Name="Postcode" Value=""/>
				<Field Name="Signature" Value="C:\Nuance\MobileDemo\Home\WebCapture\WORK\ea001276-0eb9-4833-89db-857911b62c1d\Signature_201905130328329598.png"/>
				<Field Name="GPS" Value="43.29984911459352, -72.47392327986863"/>
				<Field Name="UserName" Value="Xodice"/>
				<Field Name="UserEmail" Value="Nparillo@ssdvermont.com"/>
				<Field Name="UserHomeFolder" Value="\\NUAN-MOBAD01\HOME\Xodice"/>
				<Field Name="FormName" Value="Delivery Acceptance"/>
				<Field Name="JobID" Value="2503505680-19713-18282-148-142"/>
			</KnowledgeFields>
		</KnowledgeObject>
	</KnowledgeObjects>
</AutoStore>
