<?xml version="1.0" encoding="utf-8"?>
<AutoStore NSI_SIG2="88230A667C6845CB002DB511243FD199410FCA3CABA0CC6C3915992A774CB82467E2016303D2DFFE7A8195A187DE904A">
	<Header Version="2" DateCreated="2019-01-17" TimeCreated="05:39:57" AUTHOR="" COMMENTS=""/>
	<KnowledgeObjects ObjID="316829834-41548-17796-181-103">
		<KnowledgeObject ObjID="2863035363-23455-17241-144-240">
			<KnowledgeDocuments>
				<KnowledgeDocument Type="pdf" Name="POD_X335044101956_1.pdf" ObjID="1280880493-48853-18692-131-26" DocRef="3540537468-3202-16805-140-194.dat"/>
				<KnowledgeDocument Type="png" Name="Signature_201901170539568480.png" ObjID="962597431-18334-18799-130-81" DocRef="3563058912-24325-18127-161-217.dat"/>
			</KnowledgeDocuments>
			<KnowledgeFields>
				<Field Name="DeliveryTime" Value="05:39"/>
				<Field Name="DeliveryDate" Value="17/01/2019"/>
				<Field Name="Driver" Value="xodice"/>
				<Field Name="SignatureName" Value="Erk snide the roman nite"/>
				<Field Name="DeliveryID" Value="160023WO2019007A"/>
				<Field Name="Surname" Value=""/>
				<Field Name="Firstname" Value=""/>
				<Field Name="Address" Value=""/>
				<Field Name="Postcode" Value=""/>
				<Field Name="Signature" Value="C:\Nuance\MobileDemo\Home\WebCapture\WORK\61c7d136-89ec-4237-9f42-952db479fd74\Signature_201901170539568480.png"/>
				<Field Name="GPS" Value="43.2997634526251, -72.47373312362038"/>
				<Field Name="UserName" Value="xodice"/>
				<Field Name="UserEmail" Value="Nparillo@ssdvermont.com"/>
				<Field Name="UserHomeFolder" Value="\\NUAN-MOBAD01\HOME\Xodice"/>
				<Field Name="FormName" Value="Delivery Acceptance"/>
				<Field Name="JobID" Value="2863035363-23455-17241-144-240"/>
			</KnowledgeFields>
		</KnowledgeObject>
	</KnowledgeObjects>
</AutoStore>
