<?xml version="1.0" encoding="utf-8"?>
<AutoStore NSI_SIG2="C0FBD8403D599631318EEF6AD51A0E39A049016D59F6FF0B08C40722344096B3D66F1FEE4D19DCAC723AF060A34FB9A9">
	<Header Version="2" DateCreated="2019-01-11" TimeCreated="16:26:08" AUTHOR="" COMMENTS=""/>
	<KnowledgeObjects ObjID="1597283747-50886-17568-145-35">
		<KnowledgeObject ObjID="2442491892-57486-18784-135-7">
			<KnowledgeDocuments>
				<KnowledgeDocument Type="pdf" Name="Prob11H - Nicholas g Parillo - 00001.pdf" ObjID="540195142-265-17342-128-205" DocRef="2580422273-21723-19592-153-107.dat"/>
				<KnowledgeDocument Type="png" Name="Signature_201901111626079021.png" ObjID="154065540-15591-18320-158-22" DocRef="4024396201-46324-17448-141-229.dat"/>
			</KnowledgeDocuments>
			<KnowledgeFields>
				<Field Name="DeliveryTime" Value="16:26"/>
				<Field Name="DeliveryDate" Value="11/01/2019"/>
				<Field Name="Driver" Value="xodice"/>
				<Field Name="SignatureName" Value="Cliff keen 1992"/>
				<Field Name="DeliveryID" Value="Z%Y"/>
				<Field Name="Surname" Value=""/>
				<Field Name="Firstname" Value=""/>
				<Field Name="Address" Value=""/>
				<Field Name="Postcode" Value=""/>
				<Field Name="Signature" Value="C:\Nuance\MobileDemo\Home\WebCapture\WORK\ea50ffa4-70eb-4d3d-a8c9-162996a055fc\Signature_201901111626079021.png"/>
				<Field Name="GPS" Value="43.29964673787164, -72.47376719267409"/>
				<Field Name="UserName" Value="xodice"/>
				<Field Name="UserEmail" Value="Nparillo@ssdvermont.com"/>
				<Field Name="UserHomeFolder" Value="\\NUAN-MOBAD01\HOME\Xodice"/>
				<Field Name="FormName" Value="Delivery Acceptance"/>
				<Field Name="JobID" Value="2442491892-57486-18784-135-7"/>
			</KnowledgeFields>
		</KnowledgeObject>
	</KnowledgeObjects>
</AutoStore>
