<?xml version="1.0" encoding="utf-8"?>
<AutoStore NSI_SIG2="8614C1A9BEEA8AB160889DB47F509E39346641E46447CADC466A5729B102C4F83F424BA4734A147E1ADC2B700EF65117">
	<Header Version="2" DateCreated="2020-03-05" TimeCreated="05:55:07" AUTHOR="" COMMENTS=""/>
	<KnowledgeObjects ObjID="2327588401-59036-19715-163-190">
		<KnowledgeObject ObjID="3608281777-56405-17993-152-28">
			<KnowledgeDocuments>
				<KnowledgeDocument Type="png" Name="Signed_202003050554307039.png" ObjID="2625519348-60507-19660-189-38" DocRef="2548444978-46646-17469-165-171.dat"/>
				<KnowledgeDocument Type="TXT" Name="TimeSheet.TXT" ObjID="3226336613-41052-20464-157-0" DocRef="3701982967-26802-19494-157-188.dat"/>
				<KnowledgeDocument Type="PDF" Name="TimeSheet.PDF" ObjID="656715081-45480-16639-172-149" DocRef="1074371653-40975-17060-163-220.dat"/>
			</KnowledgeDocuments>
			<KnowledgeFields>
				<Field Name="ContractorName" Value="~WCC::User,%displayName%~"/>
				<Field Name="Signature" Value="C:\Kofax\MobileDemo\Home\WebCapture\WORK\6e2cd337-0223-4ab9-bfa1-cfea213c7f92\Signed_202003050554307039.png"/>
				<Field Name="ContractorID" Value="michael.gowland"/>
				<Field Name="FriHours" Value="09:00"/>
				<Field Name="FriEnd" Value="17:00"/>
				<Field Name="FriStart" Value="8:00"/>
				<Field Name="ThuHours" Value="09:00"/>
				<Field Name="ThuEnd" Value="17:00"/>
				<Field Name="ThuStart" Value="8:00"/>
				<Field Name="WedHours" Value="09:00"/>
				<Field Name="WedEnd" Value="17:00"/>
				<Field Name="WedStart" Value="8:00"/>
				<Field Name="TueHours" Value="09:00"/>
				<Field Name="TueEnd" Value="17:00"/>
				<Field Name="TueStart" Value="8:00"/>
				<Field Name="MonHours" Value="09:00"/>
				<Field Name="MonEnd" Value="17:00"/>
				<Field Name="MonStart" Value="8:00"/>
				<Field Name="WeekEnding" Value="04-03-2020"/>
				<Field Name="TimeSheetID" Value="0000285"/>
				<Field Name="TotalHours" Value="45:00"/>
				<Field Name="Submitted" Value="05-03-2020"/>
				<Field Name="UserName" Value="michael.gowland"/>
				<Field Name="UserEmail" Value="michael.gowland@capita.com"/>
				<Field Name="UserHomeFolder" Value="\\US01VMBCMD01\HOME\michael.gowland"/>
				<Field Name="FormName" Value="Submit TimeSheet"/>
				<Field Name="JobID" Value="3608281777-56405-17993-152-28"/>
			</KnowledgeFields>
		</KnowledgeObject>
	</KnowledgeObjects>
</AutoStore>
