<?xml version="1.0" encoding="utf-8"?>
<AutoStore NSI_SIG2="911871D58430F82911F7D47E917FA727C8C1A0477A4E74EAF0A3DE43EAE0F43256550DF97F6CC7D8D2D873B1FEDD984A">
	<Header Version="2" DateCreated="2019-06-18" TimeCreated="21:19:23" AUTHOR="" COMMENTS=""/>
	<KnowledgeObjects ObjID="3705459668-60097-18664-139-27">
		<KnowledgeObject ObjID="3492156815-17192-16427-189-74">
			<KnowledgeDocuments>
				<KnowledgeDocument Type="pdf" Name="POD-Address Labels.pdf" ObjID="963799256-34270-17738-146-78" DocRef="3635647833-35732-18268-146-103.dat"/>
				<KnowledgeDocument Type="png" Name="Signature_201906182119228444.png" ObjID="1682495692-9926-18305-178-168" DocRef="449228301-13377-18259-181-178.dat"/>
			</KnowledgeDocuments>
			<KnowledgeFields>
				<Field Name="DeliveryTime" Value="21:19"/>
				<Field Name="DeliveryDate" Value="18/06/2019"/>
				<Field Name="Driver" Value="TerryLaCosse"/>
				<Field Name="SignatureName" Value="LaCosse"/>
				<Field Name="DeliveryID" Value="1234567890"/>
				<Field Name="Surname" Value="Campbell-Higgens"/>
				<Field Name="Firstname" Value="John"/>
				<Field Name="Address" Value="Ainsworth Road, Bolton"/>
				<Field Name="Postcode" Value="BL3 1RB"/>
				<Field Name="Signature" Value="C:\Nuance\MobileDemo\Home\WebCapture\WORK\0bf4f4ef-2ebd-4753-a735-8fbbe207ea0e\Signature_201906182119228444.png"/>
				<Field Name="GPS" Value="47.23273016982454, -122.54949102189629"/>
				<Field Name="UserName" Value="TerryLaCosse"/>
				<Field Name="UserEmail" Value="terry.lacosse@nuance.com"/>
				<Field Name="UserHomeFolder" Value="\\NUAN-MOBAD01\HOME\TerryLaCosse"/>
				<Field Name="FormName" Value="Delivery Acceptance"/>
				<Field Name="JobID" Value="3492156815-17192-16427-189-74"/>
			</KnowledgeFields>
		</KnowledgeObject>
	</KnowledgeObjects>
</AutoStore>
