<?xml version="1.0" encoding="utf-8"?>
<AutoStore NSI_SIG2="D52C7862FB1E2AEEE137CEDE8BCE3EFBAEB949992E0EBEE400538254E4EF256AFC6653DF1C36BD415E13BB438AB247BA">
	<Header Version="2" DateCreated="2018-04-30" TimeCreated="00:57:32" AUTHOR="" COMMENTS=""/>
	<KnowledgeObjects ObjID="4075590859-37178-18189-181-9">
		<KnowledgeObject ObjID="4273598525-30464-18571-187-32">
			<KnowledgeDocuments>
				<KnowledgeDocument Type="jpg" Name="1525049834289.jpg" ObjID="3046670003-2090-19946-134-183" DocRef="173417836-21251-19671-162-74.dat"/>
			</KnowledgeDocuments>
			<KnowledgeFields>
				<Field Name="DocClass" Value="Not Found"/>
				<Field Name="UserName" Value="jdfields"/>
				<Field Name="UserEmail" Value="john.fields@nuance.com"/>
				<Field Name="UserHomeFolder" Value="\\NUAN-MOBAD01\HOME\jdfields"/>
				<Field Name="FormName" Value="Classification Example"/>
				<Field Name="JobID" Value="4273598525-30464-18571-187-32"/>
				<Field Name="Section" Value="Security and GDPR"/>
				<Field Name="RequestType" Value="Folder"/>
			</KnowledgeFields>
		</KnowledgeObject>
	</KnowledgeObjects>
</AutoStore>
