<?xml version="1.0" encoding="utf-8"?>
<AutoStore NSI_SIG2="3A03C6478CBA6BF9575407C15EC6E9CA586AA18A0AA9370E3395290E4154CA1B3DD4DF55ECA87FD588D3E990B375736B">
	<Header Version="2" DateCreated="2019-01-21" TimeCreated="16:29:01" AUTHOR="" COMMENTS=""/>
	<KnowledgeObjects ObjID="2683739406-25226-18480-185-149">
		<KnowledgeObject ObjID="2394780183-42367-20001-155-105">
			<KnowledgeDocuments>
				<KnowledgeDocument Type="pdf" Name="POD_X335044101956_1.pdf" ObjID="3078020888-26543-17097-176-91" DocRef="2663804292-26312-19236-148-177.dat"/>
				<KnowledgeDocument Type="png" Name="Signature_201901211629008283.png" ObjID="929639398-50712-17318-173-169" DocRef="231968546-56188-17488-141-165.dat"/>
			</KnowledgeDocuments>
			<KnowledgeFields>
				<Field Name="DeliveryTime" Value="16:29"/>
				<Field Name="DeliveryDate" Value="21/01/2019"/>
				<Field Name="Driver" Value="xodice"/>
				<Field Name="SignatureName" Value="Cliff keen 1992"/>
				<Field Name="DeliveryID" Value="http://weixin.qq.com/r/snUtNWvEfjYBrS9W9yCg"/>
				<Field Name="Surname" Value=""/>
				<Field Name="Firstname" Value=""/>
				<Field Name="Address" Value=""/>
				<Field Name="Postcode" Value=""/>
				<Field Name="Signature" Value="C:\Nuance\MobileDemo\Home\WebCapture\WORK\a4b9cd6e-b4c2-4868-96f4-63837c22e84b\Signature_201901211629008283.png"/>
				<Field Name="GPS" Value="43.299646292981116, -72.4738050658742"/>
				<Field Name="UserName" Value="xodice"/>
				<Field Name="UserEmail" Value="Nparillo@ssdvermont.com"/>
				<Field Name="UserHomeFolder" Value="\\NUAN-MOBAD01\HOME\Xodice"/>
				<Field Name="FormName" Value="Delivery Acceptance"/>
				<Field Name="JobID" Value="2394780183-42367-20001-155-105"/>
			</KnowledgeFields>
		</KnowledgeObject>
	</KnowledgeObjects>
</AutoStore>
