<?xml version="1.0" encoding="utf-8"?>
<AutoStore NSI_SIG2="CAE73CCBE6FD749E4D117B3806B683FEEB56F5B2F95F2CCE61B90069E12EB7606B2936C77BEA38F4508D1F462E85EE69">
	<Header Version="2" DateCreated="2019-01-17" TimeCreated="02:46:12" AUTHOR="" COMMENTS=""/>
	<KnowledgeObjects ObjID="675742046-42548-17763-130-94">
		<KnowledgeObject ObjID="3493072021-28255-18610-176-226">
			<KnowledgeDocuments>
				<KnowledgeDocument Type="pdf" Name="POD_X335044101956_1.pdf" ObjID="497313974-35876-19812-128-217" DocRef="3467692672-5956-17970-167-53.dat"/>
				<KnowledgeDocument Type="png" Name="Signature_201901170246119636.png" ObjID="1069482963-38507-16393-128-248" DocRef="244459331-19351-16971-175-134.dat"/>
			</KnowledgeDocuments>
			<KnowledgeFields>
				<Field Name="DeliveryTime" Value="02:46"/>
				<Field Name="DeliveryDate" Value="17/01/2019"/>
				<Field Name="Driver" Value="xodice"/>
				<Field Name="SignatureName" Value="Cliff keen 1992"/>
				<Field Name="DeliveryID" Value="160023WO2019007A"/>
				<Field Name="Surname" Value=""/>
				<Field Name="Firstname" Value=""/>
				<Field Name="Address" Value=""/>
				<Field Name="Postcode" Value=""/>
				<Field Name="Signature" Value="C:\Nuance\MobileDemo\Home\WebCapture\WORK\655bfbfc-ec01-4a39-b429-69f1c38d1278\Signature_201901170246119636.png"/>
				<Field Name="GPS" Value="43.281507662715924, -72.47798862699541"/>
				<Field Name="UserName" Value="xodice"/>
				<Field Name="UserEmail" Value="Nparillo@ssdvermont.com"/>
				<Field Name="UserHomeFolder" Value="\\NUAN-MOBAD01\HOME\Xodice"/>
				<Field Name="FormName" Value="Delivery Acceptance"/>
				<Field Name="JobID" Value="3493072021-28255-18610-176-226"/>
			</KnowledgeFields>
		</KnowledgeObject>
	</KnowledgeObjects>
</AutoStore>
