<?xml version="1.0" encoding="utf-8"?>
<AutoStore NSI_SIG2="3767EB05E27503388B87863D1E7501585352F634F149D4E584DD907D0FBDD53F7EF9CB8CB0AF7E69D7281F12E07CFD21">
	<Header Version="2" DateCreated="2019-03-15" TimeCreated="14:25:26" AUTHOR="" COMMENTS=""/>
	<KnowledgeObjects ObjID="1584684494-62102-16424-167-245">
		<KnowledgeObject ObjID="3755239911-14063-18213-177-17">
			<KnowledgeDocuments>
				<KnowledgeDocument Type="htm" Name="Hello,-15.htm" ObjID="400914431-63749-16822-144-124" DocRef="2009028336-34875-19420-172-135.dat"/>
			</KnowledgeDocuments>
			<KnowledgeFields>
				<Field Name="CarReg" Value="Gml 591"/>
				<Field Name="Visiting" Value="10013     "/>
				<Field Name="Company" Value="ActiproSoftwareLLC.562882FEEB491_24pqs290vpjk0"/>
				<Field Name="Forename" Value="Nick"/>
				<Field Name="Surname" Value="Cliff keen 1992"/>
				<Field Name="Section" Value="Visitor Book"/>
				<Field Name="UserFullName" Value="Xodice Xodice"/>
				<Field Name="UserHomeFolder" Value="~WCC::User,%homeDiretory%~"/>
				<Field Name="UserEmail" Value="Nparillo@ssdvermont.com"/>
				<Field Name="UserName" Value="xodice"/>
				<Field Name="JobID" Value="3755239911-14063-18213-177-17"/>
				<Field Name="FormName" Value="Visitor Check In"/>
				<Field Name="BadgeNumber" Value="587301"/>
			</KnowledgeFields>
		</KnowledgeObject>
	</KnowledgeObjects>
</AutoStore>
