<?xml version="1.0" encoding="utf-8"?>
<AutoStore NSI_SIG2="4F315F1EA2B2C66143D58E731E6FFB893E6751E20670596A82E657B30C39D5138AA35221FEDD854B129C829885FD6C7B">
	<Header Version="2" DateCreated="2020-01-22" TimeCreated="07:54:55" AUTHOR="" COMMENTS=""/>
	<KnowledgeObjects ObjID="397345440-1496-18909-166-140">
		<KnowledgeObject ObjID="1848251275-11122-16861-139-210">
			<KnowledgeDocuments>
				<KnowledgeDocument Type="pdf" Name="VehicleAcceptance.pdf" ObjID="3086061325-1859-18190-146-119" DocRef="3409204660-34844-17470-162-193.dat"/>
			</KnowledgeDocuments>
			<KnowledgeFields>
				<Field Name="JobID" Value="1848251275-11122-16861-139-210"/>
				<Field Name="FormName" Value="Vehicle Acceptance Form"/>
				<Field Name="UserName" Value="peter.emmonds"/>
				<Field Name="UserEmail" Value="peter.emmonds@key-digital.co.uk"/>
				<Field Name="UserHomeFolder" Value="\\US01VMBCMD01\HOME\peter.emmonds"/>
				<Field Name="Section" Value="Fleet Management"/>
				<Field Name="RenameSchema" Value="NM 53 yoe-Peter Emmonds"/>
				<Field Name="FileCount" Value="3"/>
				<Field Name="Make" Value="Mercedes"/>
				<Field Name="Model" Value="350sl"/>
				<Field Name="RegNo" Value="NM 53 yoe"/>
				<Field Name="EngineSize" Value="3.7"/>
				<Field Name="Fuel" Value="Petrol"/>
				<Field Name="Mileage" Value="20500"/>
				<Field Name="Driver" Value="Peter Emmonds"/>
				<Field Name="Branch" Value="BURNLEY"/>
				<Field Name="Position" Value="Solutions Consultant"/>
				<Field Name="EmailAddress" Value="Peter.emmonds@key-digital.co.uk"/>
				<Field Name="LicenseNumber" Value=""/>
				<Field Name="Radio" Value="Yes"/>
				<Field Name="WheelTrims" Value="No"/>
				<Field Name="Alloys" Value="Yes"/>
				<Field Name="ParcelShelf" Value="No"/>
				<Field Name="Spare" Value="No"/>
				<Field Name="ServiceBook" Value="No"/>
				<Field Name="GoodWorkingOrder" Value="No"/>
				<Field Name="CleanOutside" Value="No"/>
				<Field Name="CleanInside" Value="No"/>
				<Field Name="Bodywork" Value="No"/>
				<Field Name="BodyworkDamage" Value=""/>
				<Field Name="Wheels" Value="Yes"/>
				<Field Name="WheelDamage" Value=""/>
			</KnowledgeFields>
		</KnowledgeObject>
	</KnowledgeObjects>
</AutoStore>
