<?xml version="1.0" encoding="utf-8"?>
<AutoStore NSI_SIG2="251D81F8EF6AEDB6639B28C8A2012E8AE519F0F8999C0E84773D229E1A2806DB6168DD8A677F03F5415D0FECDA8B280A">
	<Header Version="2" DateCreated="2019-07-16" TimeCreated="05:12:40" AUTHOR="" COMMENTS=""/>
	<KnowledgeObjects ObjID="4179566528-44215-18028-138-15">
		<KnowledgeObject ObjID="2043885030-47138-16411-170-49">
			<KnowledgeDocuments>
				<KnowledgeDocument Type="pdf" Name="POD_X335044101956_1.pdf" ObjID="2765095178-40564-19506-138-196" DocRef="1050656236-19439-16951-185-253.dat"/>
				<KnowledgeDocument Type="png" Name="Signature_201907160512402266.png" ObjID="1872921272-23549-19611-175-81" DocRef="4005162195-46009-19068-141-36.dat"/>
			</KnowledgeDocuments>
			<KnowledgeFields>
				<Field Name="DeliveryTime" Value="05:12"/>
				<Field Name="DeliveryDate" Value="16/07/2019"/>
				<Field Name="Driver" Value="Xodice"/>
				<Field Name="SignatureName" Value="France’s murray esquire IX"/>
				<Field Name="DeliveryID" Value="@Ssdvt.org"/>
				<Field Name="Surname" Value=""/>
				<Field Name="Firstname" Value=""/>
				<Field Name="Address" Value=""/>
				<Field Name="Postcode" Value=""/>
				<Field Name="Signature" Value="C:\Nuance\MobileDemo\Home\WebCapture\WORK\7ff771be-7f88-459d-8bdc-9d13f167abc3\Signature_201907160512402266.png"/>
				<Field Name="GPS" Value="43.29991070618042, -72.47373777537649"/>
				<Field Name="UserName" Value="Xodice"/>
				<Field Name="UserEmail" Value="Nparillo@ssdvermont.com"/>
				<Field Name="UserHomeFolder" Value="\\NUAN-MOBAD01\HOME\Xodice"/>
				<Field Name="FormName" Value="Delivery Acceptance"/>
				<Field Name="JobID" Value="2043885030-47138-16411-170-49"/>
			</KnowledgeFields>
		</KnowledgeObject>
	</KnowledgeObjects>
</AutoStore>
