<?xml version="1.0" encoding="utf-8"?>
<AutoStore NSI_SIG2="D4DC2B7B824CF0988321CFCC94E9E38DFDE94C9E76DBC3349510AD10898A31FCC34747A86A6D11AD2184684ADC2F9435">
	<Header Version="2" DateCreated="2019-06-18" TimeCreated="16:14:43" AUTHOR="" COMMENTS=""/>
	<KnowledgeObjects ObjID="354048621-63215-18832-191-132">
		<KnowledgeObject ObjID="3492110882-57822-19433-148-227">
			<KnowledgeDocuments>
				<KnowledgeDocument Type="jpg" Name="1560874450396.jpg" ObjID="1522285872-54540-17493-159-35" DocRef="1895283413-62622-16918-145-37.dat"/>
				<KnowledgeDocument Type="png" Name="Signature_201906181614432710.png" ObjID="2091211762-57996-19610-132-16" DocRef="2761759378-39302-16953-170-129.dat"/>
			</KnowledgeDocuments>
			<KnowledgeFields>
				<Field Name="DeliveryTime" Value="16:14"/>
				<Field Name="DeliveryDate" Value="18/06/2019"/>
				<Field Name="Driver" Value="jdfields"/>
				<Field Name="SignatureName" Value="Test"/>
				<Field Name="DeliveryID" Value="1234567890"/>
				<Field Name="Surname" Value="Campbell-Higgens"/>
				<Field Name="Firstname" Value="John"/>
				<Field Name="Address" Value="Ainsworth Road, Bolton"/>
				<Field Name="Postcode" Value="BL3 1RB"/>
				<Field Name="Signature" Value="C:\Nuance\MobileDemo\Home\WebCapture\WORK\744a1c19-0c4d-4715-8fe9-9d22c261200a\Signature_201906181614432710.png"/>
				<Field Name="GPS" Value="43.543788, -79.6977856"/>
				<Field Name="UserName" Value="jdfields"/>
				<Field Name="UserEmail" Value="john.fields@nuance.com"/>
				<Field Name="UserHomeFolder" Value="\\NUAN-MOBAD01\HOME\jdfields"/>
				<Field Name="FormName" Value="Delivery Acceptance"/>
				<Field Name="JobID" Value="3492110882-57822-19433-148-227"/>
			</KnowledgeFields>
		</KnowledgeObject>
	</KnowledgeObjects>
</AutoStore>
