<?xml version="1.0" encoding="utf-8"?>
<AutoStore NSI_SIG2="B417AC4DD45A4F3131DD33CA83AF5D460EC5CB22D7185338BF1FD37B2CD74FF242DC1DC2C7D092F6E917B8543D84844C">
	<Header Version="2" DateCreated="2019-01-21" TimeCreated="16:32:16" AUTHOR="" COMMENTS=""/>
	<KnowledgeObjects ObjID="3241551786-41594-17494-132-21">
		<KnowledgeObject ObjID="3786465276-1523-20333-186-80">
			<KnowledgeDocuments>
				<KnowledgeDocument Type="pdf" Name="DOJBOP Nicholas g Parillo - 00001.pdf" ObjID="524761303-8388-17361-179-132" DocRef="780311315-14960-17848-190-246.dat"/>
				<KnowledgeDocument Type="png" Name="Signature_201901211632158206.png" ObjID="1018607201-24058-16411-153-23" DocRef="3100331879-3162-18247-133-223.dat"/>
			</KnowledgeDocuments>
			<KnowledgeFields>
				<Field Name="DeliveryTime" Value="16:32"/>
				<Field Name="DeliveryDate" Value="21/01/2019"/>
				<Field Name="Driver" Value="xodice"/>
				<Field Name="SignatureName" Value="Cliff keen 1992"/>
				<Field Name="DeliveryID" Value="https://www.usaw_logo_small.xps.9is6ojzn7veg7_6p2is71uwtd.xps.com"/>
				<Field Name="Surname" Value=""/>
				<Field Name="Firstname" Value=""/>
				<Field Name="Address" Value=""/>
				<Field Name="Postcode" Value=""/>
				<Field Name="Signature" Value="C:\Nuance\MobileDemo\Home\WebCapture\WORK\b70ff6fe-c126-411d-bd77-79b947571726\Signature_201901211632158206.png"/>
				<Field Name="GPS" Value="43.29965112284913, -72.47401136606979"/>
				<Field Name="UserName" Value="xodice"/>
				<Field Name="UserEmail" Value="Nparillo@ssdvermont.com"/>
				<Field Name="UserHomeFolder" Value="\\NUAN-MOBAD01\HOME\Xodice"/>
				<Field Name="FormName" Value="Delivery Acceptance"/>
				<Field Name="JobID" Value="3786465276-1523-20333-186-80"/>
			</KnowledgeFields>
		</KnowledgeObject>
	</KnowledgeObjects>
</AutoStore>
