<?xml version="1.0" encoding="utf-8"?>
<AutoStore NSI_SIG2="50012EF835E94220B6AA4BBB66CDEE7E63658A342F4C1B9C8F3EB9482289EE27205A06C62847ACCF742BA4F5001DC61A">
	<Header Version="2" DateCreated="2020-01-22" TimeCreated="12:27:56" AUTHOR="" COMMENTS=""/>
	<KnowledgeObjects ObjID="1217853753-3893-16959-139-242">
		<KnowledgeObject ObjID="2493678142-35833-19458-171-118">
			<KnowledgeDocuments>
				<KnowledgeDocument Type="png" Name="Signed_202001221227397563.png" ObjID="1845771498-3606-19818-170-183" DocRef="1838648194-3872-17517-161-13.dat"/>
				<KnowledgeDocument Type="TXT" Name="TimeSheet.TXT" ObjID="3790866352-33644-18307-176-38" DocRef="784062956-55605-19527-167-216.dat"/>
				<KnowledgeDocument Type="PDF" Name="TimeSheet.PDF" ObjID="2333009733-32959-18341-183-137" DocRef="1323434947-47599-17454-164-167.dat"/>
			</KnowledgeDocuments>
			<KnowledgeFields>
				<Field Name="ContractorName" Value="~WCC::User,%displayName%~"/>
				<Field Name="Signature" Value="C:\Kofax\MobileDemo\Home\WebCapture\WORK\4d38b763-1c34-4a26-8f7d-181f135f5064\Signed_202001221227397563.png"/>
				<Field Name="ContractorID" Value="Lance"/>
				<Field Name="FriHours" Value=""/>
				<Field Name="FriEnd" Value=""/>
				<Field Name="FriStart" Value=""/>
				<Field Name="ThuHours" Value=""/>
				<Field Name="ThuEnd" Value=""/>
				<Field Name="ThuStart" Value=""/>
				<Field Name="WedHours" Value=""/>
				<Field Name="WedEnd" Value=""/>
				<Field Name="WedStart" Value=""/>
				<Field Name="TueHours" Value=""/>
				<Field Name="TueEnd" Value=""/>
				<Field Name="TueStart" Value=""/>
				<Field Name="MonHours" Value=""/>
				<Field Name="MonEnd" Value=""/>
				<Field Name="MonStart" Value=""/>
				<Field Name="WeekEnding" Value="16-01-2020"/>
				<Field Name="TimeSheetID" Value="0000282"/>
				<Field Name="TotalHours" Value=""/>
				<Field Name="Submitted" Value="22-01-2020"/>
				<Field Name="UserName" Value="Lance"/>
				<Field Name="UserEmail" Value="lance.netherton@capita.com"/>
				<Field Name="UserHomeFolder" Value="\\US01VMBCMD01\HOME\Lance"/>
				<Field Name="FormName" Value="Submit TimeSheet"/>
				<Field Name="JobID" Value="2493678142-35833-19458-171-118"/>
			</KnowledgeFields>
		</KnowledgeObject>
	</KnowledgeObjects>
</AutoStore>
