<?xml version="1.0" encoding="utf-8"?>
<AutoStore NSI_SIG2="6C84CD0018681E535851E1A348E00C3C86CFEDAE5AB00813A97B96FEED123CFBC212B88631C3B628EA4462AFF54E4815">
	<Header Version="2" DateCreated="2020-03-15" TimeCreated="10:28:01" AUTHOR="" COMMENTS=""/>
	<KnowledgeObjects ObjID="3342651445-8257-16569-184-192">
		<KnowledgeObject ObjID="523966166-16141-18418-146-47">
			<KnowledgeDocuments>
				<KnowledgeDocument Type="png" Name="Signed_202003151027257040.png" ObjID="37288757-60179-17444-136-115" DocRef="746885228-30002-17690-169-56.dat"/>
				<KnowledgeDocument Type="TXT" Name="TimeSheet.TXT" ObjID="3061995923-14798-17656-180-161" DocRef="2202971706-13407-19806-140-135.dat"/>
				<KnowledgeDocument Type="PDF" Name="TimeSheet.PDF" ObjID="246808846-7200-20420-170-183" DocRef="39136217-43884-18117-163-215.dat"/>
			</KnowledgeDocuments>
			<KnowledgeFields>
				<Field Name="ContractorName" Value="~WCC::User,%displayName%~"/>
				<Field Name="Signature" Value="C:\Kofax\MobileDemo\Home\WebCapture\WORK\ec6b5772-6505-4c8f-bd98-cbb8269c33f9\Signed_202003151027257040.png"/>
				<Field Name="ContractorID" Value="mmccauley"/>
				<Field Name="FriHours" Value="09:00"/>
				<Field Name="FriEnd" Value="17:00"/>
				<Field Name="FriStart" Value="8:00"/>
				<Field Name="ThuHours" Value="09:00"/>
				<Field Name="ThuEnd" Value="17:00"/>
				<Field Name="ThuStart" Value="8:00"/>
				<Field Name="WedHours" Value="09:00"/>
				<Field Name="WedEnd" Value="17:00"/>
				<Field Name="WedStart" Value="8:00"/>
				<Field Name="TueHours" Value="09:00"/>
				<Field Name="TueEnd" Value="17:00"/>
				<Field Name="TueStart" Value="8:00"/>
				<Field Name="MonHours" Value="09:00"/>
				<Field Name="MonEnd" Value="17:00"/>
				<Field Name="MonStart" Value="8:00"/>
				<Field Name="WeekEnding" Value="15-03-2020"/>
				<Field Name="TimeSheetID" Value="0000289"/>
				<Field Name="TotalHours" Value="45:00"/>
				<Field Name="Submitted" Value="15-03-2020"/>
				<Field Name="UserName" Value="mmccauley"/>
				<Field Name="UserEmail" Value="Michel.mccauley@bt.konicaminolta.ca"/>
				<Field Name="UserHomeFolder" Value="\\US01VMBCMD01\HOME\mmccauley"/>
				<Field Name="FormName" Value="Submit TimeSheet"/>
				<Field Name="JobID" Value="523966166-16141-18418-146-47"/>
			</KnowledgeFields>
		</KnowledgeObject>
	</KnowledgeObjects>
</AutoStore>
