<?xml version="1.0" encoding="utf-8"?>
<AutoStore NSI_SIG2="7A219E5CFC602FBAC275B34A5D274324948194ACF84610C5AE607934F82A75CC6181EE459E0DDA21B97E0F6A8A79A46D">
	<Header Version="2" DateCreated="2019-07-28" TimeCreated="02:38:51" AUTHOR="" COMMENTS=""/>
	<KnowledgeObjects ObjID="4002173215-20756-18936-179-136">
		<KnowledgeObject ObjID="3818066740-28196-17894-176-175">
			<KnowledgeDocuments>
				<KnowledgeDocument Type="pdf" Name="Captured File - 00001.pdf" ObjID="621334614-57267-16606-141-219" DocRef="1960121923-27217-18427-144-9.dat"/>
				<KnowledgeDocument Type="png" Name="Signature_201907280238512076.png" ObjID="137073353-59844-18684-141-67" DocRef="2744118341-50728-20140-177-179.dat"/>
			</KnowledgeDocuments>
			<KnowledgeFields>
				<Field Name="DeliveryTime" Value="02:38"/>
				<Field Name="DeliveryDate" Value="28/07/2019"/>
				<Field Name="Driver" Value="Xodice"/>
				<Field Name="SignatureName" Value="Cliff keen 1992"/>
				<Field Name="DeliveryID" Value="1-0-8791492R"/>
				<Field Name="Surname" Value=""/>
				<Field Name="Firstname" Value=""/>
				<Field Name="Address" Value=""/>
				<Field Name="Postcode" Value=""/>
				<Field Name="Signature" Value="C:\Nuance\MobileDemo\Home\WebCapture\WORK\7c61ea6a-8f33-4cab-9fbf-dffef1129b72\Signature_201907280238512076.png"/>
				<Field Name="GPS" Value="43.299863066853995, -72.47370567695107"/>
				<Field Name="UserName" Value="Xodice"/>
				<Field Name="UserEmail" Value="Nparillo@ssdvermont.com"/>
				<Field Name="UserHomeFolder" Value="\\NUAN-MOBAD01\HOME\Xodice"/>
				<Field Name="FormName" Value="Delivery Acceptance"/>
				<Field Name="JobID" Value="3818066740-28196-17894-176-175"/>
			</KnowledgeFields>
		</KnowledgeObject>
	</KnowledgeObjects>
</AutoStore>
