<?xml version="1.0" encoding="utf-8"?>
<AutoStore NSI_SIG2="0D13C2541D8096D1EABB4C9CCAAE829F7B718E1606C79A1DFFD73AA243AB703E4BFD02BE1529D22BA22CB8A23F5C3ABB">
	<Header Version="2" DateCreated="2019-01-21" TimeCreated="16:26:11" AUTHOR="" COMMENTS=""/>
	<KnowledgeObjects ObjID="1242238071-18484-16581-143-217">
		<KnowledgeObject ObjID="3158324315-24661-18467-136-134">
			<KnowledgeDocuments>
				<KnowledgeDocument Type="pdf" Name="POD_http___www.vmp.mobi_ford_101103058FD            _1.pdf" ObjID="2834693602-21581-18560-147-230" DocRef="438014230-627-19053-142-61.dat"/>
				<KnowledgeDocument Type="png" Name="Signature_201901211626108173.png" ObjID="1384528216-49624-17152-163-78" DocRef="3675987562-33280-18561-137-232.dat"/>
			</KnowledgeDocuments>
			<KnowledgeFields>
				<Field Name="DeliveryTime" Value="16:26"/>
				<Field Name="DeliveryDate" Value="21/01/2019"/>
				<Field Name="Driver" Value="xodice"/>
				<Field Name="SignatureName" Value="Cliff keen 1992"/>
				<Field Name="DeliveryID" Value="http://weixin.qq.com/r/snUtNWvEfjYBrS9W9yCg"/>
				<Field Name="Surname" Value=""/>
				<Field Name="Firstname" Value=""/>
				<Field Name="Address" Value=""/>
				<Field Name="Postcode" Value=""/>
				<Field Name="Signature" Value="C:\Nuance\MobileDemo\Home\WebCapture\WORK\8a54ca09-c7ce-40e5-ab94-694fde47d95d\Signature_201901211626108173.png"/>
				<Field Name="GPS" Value="43.299754096993674, -72.47384038608233"/>
				<Field Name="UserName" Value="xodice"/>
				<Field Name="UserEmail" Value="Nparillo@ssdvermont.com"/>
				<Field Name="UserHomeFolder" Value="\\NUAN-MOBAD01\HOME\Xodice"/>
				<Field Name="FormName" Value="Delivery Acceptance"/>
				<Field Name="JobID" Value="3158324315-24661-18467-136-134"/>
			</KnowledgeFields>
		</KnowledgeObject>
	</KnowledgeObjects>
</AutoStore>
