<?xml version="1.0" encoding="utf-8"?>
<AutoStore NSI_SIG2="155DFF0121EACB14B1B1E59C0887FD1CBC643F660938843FD4C4A693AD243B0F7656159C383286850F4A98D21F2536BF">
	<Header Version="2" DateCreated="2019-06-26" TimeCreated="20:12:44" AUTHOR="" COMMENTS=""/>
	<KnowledgeObjects ObjID="4220027014-46453-18624-162-254">
		<KnowledgeObject ObjID="1582760108-62754-16911-177-143">
			<KnowledgeDocuments>
				<KnowledgeDocument Type="pdf" Name="POD-Address Labels.pdf" ObjID="273105556-21479-17862-131-222" DocRef="1704304661-23359-17891-188-11.dat"/>
				<KnowledgeDocument Type="png" Name="Signature_201906262012437369.png" ObjID="1001817829-50479-16947-185-233" DocRef="1956494059-14928-16722-165-224.dat"/>
			</KnowledgeDocuments>
			<KnowledgeFields>
				<Field Name="DeliveryTime" Value="20:12"/>
				<Field Name="DeliveryDate" Value="26/06/2019"/>
				<Field Name="Driver" Value="Kyle.Macdonald"/>
				<Field Name="SignatureName" Value="MacDonald"/>
				<Field Name="DeliveryID" Value="3456789012"/>
				<Field Name="Surname" Value="Smith"/>
				<Field Name="Firstname" Value="Sam"/>
				<Field Name="Address" Value="3 The Cottages, Worsley, Manchester"/>
				<Field Name="Postcode" Value="M32 5TQ"/>
				<Field Name="Signature" Value="C:\Nuance\MobileDemo\Home\WebCapture\WORK\3f266c6e-81b7-4a6c-af1a-b7ca20e06ec4\Signature_201906262012437369.png"/>
				<Field Name="GPS" Value="43.5592994, -80.222972"/>
				<Field Name="UserName" Value="Kyle.Macdonald"/>
				<Field Name="UserEmail" Value="kyle.macdonald@kofax.com"/>
				<Field Name="UserHomeFolder" Value="\\NUAN-MOBAD01\HOME\Kyle.Macdonald"/>
				<Field Name="FormName" Value="Delivery Acceptance"/>
				<Field Name="JobID" Value="1582760108-62754-16911-177-143"/>
			</KnowledgeFields>
		</KnowledgeObject>
	</KnowledgeObjects>
</AutoStore>
