<?xml version="1.0" encoding="utf-8"?>
<AutoStore NSI_SIG2="885D43EC4F8085DBBDCE8C8F4122C8A6CA32F4CD573A4FA6844AEE4A8167EE8BCE3BD2E3E585BA01B8AD53BE2BD121A6">
	<Header Version="2" DateCreated="2018-09-28" TimeCreated="18:57:13" AUTHOR="" COMMENTS=""/>
	<KnowledgeObjects ObjID="1632759582-31021-16558-140-88">
		<KnowledgeObject ObjID="1111014967-12699-17462-153-55">
			<KnowledgeDocuments>
				<KnowledgeDocument Type="jpg" Name="1538161013901.jpg" ObjID="633189273-671-17612-134-46" DocRef="4041421440-9287-20339-165-183.dat"/>
				<KnowledgeDocument Type="png" Name="PatientSign_201809281857122436.png" ObjID="3349666955-52478-17225-156-114" DocRef="3768512460-59460-17563-152-166.dat"/>
			</KnowledgeDocuments>
			<KnowledgeFields>
				<Field Name="JobID" Value="1111014967-12699-17462-153-55"/>
				<Field Name="FormName" Value="New GP Patient Registration"/>
				<Field Name="UserHomeFolder" Value="\\NUAN-MOBAD01\HOME\mjurecki"/>
				<Field Name="UserEmail" Value="marek.jurecki@ediko.pl"/>
				<Field Name="UserName" Value="mjurecki"/>
				<Field Name="1stReg" Value=""/>
				<Field Name="3Months" Value=""/>
				<Field Name="Salutation" Value=""/>
				<Field Name="Surname" Value=""/>
				<Field Name="PrevSurname" Value=""/>
				<Field Name="Forenames" Value=""/>
				<Field Name="DateofBirth" Value=""/>
				<Field Name="Sex" Value=""/>
				<Field Name="NHSNo" Value=""/>
				<Field Name="CHI" Value=""/>
				<Field Name="Address1" Value=""/>
				<Field Name="Address2" Value=""/>
				<Field Name="Town" Value=""/>
				<Field Name="County" Value=""/>
				<Field Name="Postcode" Value=""/>
				<Field Name="Phone" Value=""/>
				<Field Name="Mobile" Value=""/>
				<Field Name="Email" Value=""/>
				<Field Name="PrevDrName" Value=""/>
				<Field Name="PrevDrPractice" Value=""/>
				<Field Name="PrevDrAddress" Value=""/>
				<Field Name="PrevDrTown" Value=""/>
				<Field Name="PrevDrPostCode" Value=""/>
				<Field Name="PrevAddress1" Value=""/>
				<Field Name="PrevAddress2" Value=""/>
				<Field Name="PrevTown" Value=""/>
				<Field Name="PrevCounty" Value=""/>
				<Field Name="PrevPostCode" Value=""/>
				<Field Name="DateCame" Value=""/>
				<Field Name="DateLeave" Value=""/>
				<Field Name="RecentResidence" Value=""/>
				<Field Name="AFServiceNo" Value=""/>
				<Field Name="AFEnlistDate" Value=""/>
				<Field Name="AFReservist" Value=""/>
				<Field Name="AFLeaveDate" Value=""/>
				<Field Name="AF1stReg" Value=""/>
				<Field Name="AFPriorAddress" Value=""/>
				<Field Name="AFPriorPostCode" Value=""/>
				<Field Name="Identification" Value="BrithCert;StudentID;Driving License"/>
			</KnowledgeFields>
		</KnowledgeObject>
	</KnowledgeObjects>
</AutoStore>
