<?xml version="1.0" encoding="utf-8"?>
<AutoStore NSI_SIG2="D85D5CF1E0DDD09D1EC89B510989718E4AB93E69D7D23F6B96A2EA64069578A3C76787F6790E9718A9765F0E376F550D">
	<Header Version="2" DateCreated="2019-06-18" TimeCreated="18:13:43" AUTHOR="" COMMENTS=""/>
	<KnowledgeObjects ObjID="3273549565-14440-20208-178-162">
		<KnowledgeObject ObjID="1153023816-17640-20322-167-24">
			<KnowledgeDocuments>
				<KnowledgeDocument Type="jpg" Name="1560881617477.jpg" ObjID="1418762432-57860-19564-140-23" DocRef="411510228-55097-19197-171-65.dat"/>
				<KnowledgeDocument Type="png" Name="Signature_201906181813430778.png" ObjID="2682083246-38265-20389-132-76" DocRef="1921713599-15245-18346-179-138.dat"/>
			</KnowledgeDocuments>
			<KnowledgeFields>
				<Field Name="DeliveryTime" Value="18:13"/>
				<Field Name="DeliveryDate" Value="18/06/2019"/>
				<Field Name="Driver" Value="alanbain"/>
				<Field Name="SignatureName" Value="Bain"/>
				<Field Name="DeliveryID" Value="4543"/>
				<Field Name="Surname" Value=""/>
				<Field Name="Firstname" Value=""/>
				<Field Name="Address" Value=""/>
				<Field Name="Postcode" Value=""/>
				<Field Name="Signature" Value="C:\Nuance\MobileDemo\Home\WebCapture\WORK\99d61216-be0b-4642-a5b6-09ff58c9b04b\Signature_201906181813430778.png"/>
				<Field Name="GPS" Value="53.6587518, -1.8430165"/>
				<Field Name="UserName" Value="alanbain"/>
				<Field Name="UserEmail" Value="alan.bainbridge@apogeecorp.com"/>
				<Field Name="UserHomeFolder" Value="\\NUAN-MOBAD01\HOME\alanbain"/>
				<Field Name="FormName" Value="Delivery Acceptance"/>
				<Field Name="JobID" Value="1153023816-17640-20322-167-24"/>
			</KnowledgeFields>
		</KnowledgeObject>
	</KnowledgeObjects>
</AutoStore>
