<?xml version="1.0" encoding="utf-8"?>
<AutoStore NSI_SIG2="6900AAA04CB56CECBB431ECF8B01EEB94C1BEF7519FBA02F57A456FD5384F3A682079B27159547E2840D6A39DDBBBDCA">
	<Header Version="2" DateCreated="2019-04-25" TimeCreated="15:29:25" AUTHOR="" COMMENTS=""/>
	<KnowledgeObjects ObjID="3552594611-36367-18330-191-231">
		<KnowledgeObject ObjID="1616419076-23111-19445-143-84">
			<KnowledgeDocuments>
				<KnowledgeDocument Type="m3u" Name="Protected File - 00001.m3u" ObjID="789578416-54179-18008-166-77" DocRef="2465921501-25519-20471-175-25.dat"/>
			</KnowledgeDocuments>
			<KnowledgeFields>
				<Field Name="CarReg" Value="Gml 591"/>
				<Field Name="Visiting" Value="10005     "/>
				<Field Name="Company" Value="ActiproSoftwareLLC.562882FEEB491_24pqs290vpjk0"/>
				<Field Name="Forename" Value="Nick"/>
				<Field Name="Surname" Value="Cliff keen 1992"/>
				<Field Name="Section" Value="Visitor Book"/>
				<Field Name="UserFullName" Value="~WCC::User,%displayName%~"/>
				<Field Name="UserHomeFolder" Value="~WCC::User,%homeDiretory%~"/>
				<Field Name="UserEmail" Value="Nparillo@ssdvermont.com"/>
				<Field Name="UserName" Value="Xodice"/>
				<Field Name="JobID" Value="1616419076-23111-19445-143-84"/>
				<Field Name="FormName" Value="Visitor Check In"/>
				<Field Name="BadgeNumber" Value="587301"/>
			</KnowledgeFields>
		</KnowledgeObject>
	</KnowledgeObjects>
</AutoStore>
