<?xml version="1.0" encoding="utf-8"?>
<AutoStore NSI_SIG2="B50BBB9EC67C72DF4DC106A46C9F7070E57FD93BF1EDAB991B81690B95095E9700757FDCCDB99731213E8840BDBEA8AF">
	<Header Version="2" DateCreated="2020-03-09" TimeCreated="10:13:03" AUTHOR="" COMMENTS=""/>
	<KnowledgeObjects ObjID="1928138889-18437-18726-151-188">
		<KnowledgeObject ObjID="1424198136-27752-18846-176-56">
			<KnowledgeDocuments>
				<KnowledgeDocument Type="png" Name="Signed_202003091012407076.png" ObjID="2301391862-22624-17060-162-106" DocRef="3623168780-35229-16629-171-128.dat"/>
				<KnowledgeDocument Type="TXT" Name="TimeSheet.TXT" ObjID="4102560046-37788-18480-164-13" DocRef="3204541901-7294-19412-128-104.dat"/>
				<KnowledgeDocument Type="PDF" Name="TimeSheet.PDF" ObjID="3625634142-3204-19568-140-243" DocRef="156980048-41347-19140-160-105.dat"/>
			</KnowledgeDocuments>
			<KnowledgeFields>
				<Field Name="ContractorName" Value="~WCC::User,%displayName%~"/>
				<Field Name="Signature" Value="C:\Kofax\MobileDemo\Home\WebCapture\WORK\11a2e9dd-6988-4999-b255-4f09ef38c4c6\Signed_202003091012407076.png"/>
				<Field Name="ContractorID" Value="rbingley"/>
				<Field Name="FriHours" Value=""/>
				<Field Name="FriEnd" Value=""/>
				<Field Name="FriStart" Value=""/>
				<Field Name="ThuHours" Value=""/>
				<Field Name="ThuEnd" Value=""/>
				<Field Name="ThuStart" Value=""/>
				<Field Name="WedHours" Value=""/>
				<Field Name="WedEnd" Value=""/>
				<Field Name="WedStart" Value=""/>
				<Field Name="TueHours" Value=""/>
				<Field Name="TueEnd" Value=""/>
				<Field Name="TueStart" Value=""/>
				<Field Name="MonHours" Value="00:00"/>
				<Field Name="MonEnd" Value="6:00"/>
				<Field Name="MonStart" Value="6:00"/>
				<Field Name="WeekEnding" Value="09-03-2020"/>
				<Field Name="TimeSheetID" Value="0000287"/>
				<Field Name="TotalHours" Value="00:00"/>
				<Field Name="Submitted" Value="09-03-2020"/>
				<Field Name="UserName" Value="rbingley"/>
				<Field Name="UserEmail" Value="rob.bingley@ricoh.ca"/>
				<Field Name="UserHomeFolder" Value="\\US01VMBCMD01\HOME\rbingley"/>
				<Field Name="FormName" Value="Submit TimeSheet"/>
				<Field Name="JobID" Value="1424198136-27752-18846-176-56"/>
			</KnowledgeFields>
		</KnowledgeObject>
	</KnowledgeObjects>
</AutoStore>
