<?xml version="1.0" encoding="utf-8"?>
<AutoStore NSI_SIG2="30B637BB68B7B24BA00D15C28BF811F08CD14A7D32C0A0263E3D596AA180B97D5A0A8226C8715112C0BF73CF8FF8ACC7">
	<Header Version="2" DateCreated="2019-07-29" TimeCreated="03:47:25" AUTHOR="" COMMENTS=""/>
	<KnowledgeObjects ObjID="1582165001-51162-20219-144-116">
		<KnowledgeObject ObjID="2911474798-36901-20022-129-171">
			<KnowledgeDocuments>
				<KnowledgeDocument Type="m3u" Name="Protected File - 00001.m3u" ObjID="4084548529-61386-17517-149-29" DocRef="790285111-21622-19792-160-109.dat"/>
				<KnowledgeDocument Type="png" Name="Signature_201907290347251081.png" ObjID="4162448381-43058-20184-174-147" DocRef="786497194-58149-17836-150-200.dat"/>
			</KnowledgeDocuments>
			<KnowledgeFields>
				<Field Name="DeliveryTime" Value="03:47"/>
				<Field Name="DeliveryDate" Value="29/07/2019"/>
				<Field Name="Driver" Value="Xodice"/>
				<Field Name="SignatureName" Value="Junoir butter"/>
				<Field Name="DeliveryID" Value="http://goo.gl/g9xP6g"/>
				<Field Name="Surname" Value=""/>
				<Field Name="Firstname" Value=""/>
				<Field Name="Address" Value=""/>
				<Field Name="Postcode" Value=""/>
				<Field Name="Signature" Value="C:\Nuance\MobileDemo\Home\WebCapture\WORK\8c7bbd8d-ad86-4b8b-832f-1996d74da5d6\Signature_201907290347251081.png"/>
				<Field Name="GPS" Value="43.2999232112655, -72.47369930476162"/>
				<Field Name="UserName" Value="Xodice"/>
				<Field Name="UserEmail" Value="Nparillo@ssdvermont.com"/>
				<Field Name="UserHomeFolder" Value="\\NUAN-MOBAD01\HOME\Xodice"/>
				<Field Name="FormName" Value="Delivery Acceptance"/>
				<Field Name="JobID" Value="2911474798-36901-20022-129-171"/>
			</KnowledgeFields>
		</KnowledgeObject>
	</KnowledgeObjects>
</AutoStore>
