<?xml version="1.0" encoding="utf-8"?>
<AutoStore NSI_SIG2="3CB365D5C18A145B0816C4FCFFF21663829F4BAEB57A1258D3DDD69CAD6C7D363098F2E093A279593594BEA0455736BD">
	<Header Version="2" DateCreated="2020-01-10" TimeCreated="05:54:49" AUTHOR="" COMMENTS=""/>
	<KnowledgeObjects ObjID="1845555199-46657-18087-142-202">
		<KnowledgeObject ObjID="4051972468-16545-20275-176-173">
			<KnowledgeDocuments>
				<KnowledgeDocument Type="png" Name="Signed_202001100554147701.png" ObjID="2357888539-38637-18994-138-212" DocRef="526657760-50999-19172-152-91.dat"/>
				<KnowledgeDocument Type="TXT" Name="TimeSheet.TXT" ObjID="3327259680-50254-16923-183-80" DocRef="1941443365-10500-20037-171-243.dat"/>
				<KnowledgeDocument Type="PDF" Name="TimeSheet.PDF" ObjID="2509974983-37441-19261-187-96" DocRef="567132917-27906-16749-149-248.dat"/>
			</KnowledgeDocuments>
			<KnowledgeFields>
				<Field Name="ContractorName" Value="~WCC::User,%displayName%~"/>
				<Field Name="Signature" Value="C:\Kofax\MobileDemo\Home\WebCapture\WORK\6a4db389-c060-46c9-93ee-135b8591a40b\Signed_202001100554147701.png"/>
				<Field Name="ContractorID" Value="godfreyh"/>
				<Field Name="FriHours" Value="08:00"/>
				<Field Name="FriEnd" Value="17:00"/>
				<Field Name="FriStart" Value="9:00"/>
				<Field Name="ThuHours" Value="08:00"/>
				<Field Name="ThuEnd" Value="17:00"/>
				<Field Name="ThuStart" Value="9:00"/>
				<Field Name="WedHours" Value="08:00"/>
				<Field Name="WedEnd" Value="17:00"/>
				<Field Name="WedStart" Value="9:00"/>
				<Field Name="TueHours" Value="08:00"/>
				<Field Name="TueEnd" Value="17:00"/>
				<Field Name="TueStart" Value="9:00"/>
				<Field Name="MonHours" Value="08:00"/>
				<Field Name="MonEnd" Value="17:00"/>
				<Field Name="MonStart" Value="9:00"/>
				<Field Name="WeekEnding" Value="09-01-2020"/>
				<Field Name="TimeSheetID" Value="0000280"/>
				<Field Name="TotalHours" Value="40:00"/>
				<Field Name="Submitted" Value="10-01-2020"/>
				<Field Name="UserName" Value="godfreyh"/>
				<Field Name="UserEmail" Value="godfrey.work77@gmail.com"/>
				<Field Name="UserHomeFolder" Value="\\US01VMBCMD01\HOME\godfreyh"/>
				<Field Name="FormName" Value="Submit TimeSheet"/>
				<Field Name="JobID" Value="4051972468-16545-20275-176-173"/>
			</KnowledgeFields>
		</KnowledgeObject>
	</KnowledgeObjects>
</AutoStore>
