<?xml version="1.0" encoding="utf-8"?>
<AutoStore NSI_SIG2="4D849B7CBEFD0440CCA2A8230A256D604E53E6ABB406270F58E3EFCA5940279E321A0073C830D8973F3F1103A47690AE">
	<Header Version="2" DateCreated="2019-12-09" TimeCreated="01:31:04" AUTHOR="" COMMENTS=""/>
	<KnowledgeObjects ObjID="3617940721-60361-17998-153-223">
		<KnowledgeObject ObjID="1475179378-3079-17579-165-166">
			<KnowledgeDocuments>
				<KnowledgeDocument Type="pdf" Name="Accident-Report-PartA.pdf" ObjID="1331017973-30090-19748-187-190" DocRef="3765411693-29496-17764-171-172.dat"/>
			</KnowledgeDocuments>
			<KnowledgeFields>
				<Field Name="CompletedBy" Value="C:\Kofax\MobileDemo\Home\WebCapture\WORK\8d692baa-0825-4b75-8a62-89e34a08378f\CompletedBy_201912090058533087.png"/>
				<Field Name="InjuredSignation" Value="C:\Kofax\MobileDemo\Home\WebCapture\WORK\208eb85c-8f99-4ff2-82e6-33a577790694\InjuryedSignature_201912090058532997.png"/>
				<Field Name="CauseOfInjury" Value="Trolley wheel damaged"/>
				<Field Name="FullDescription" Value="Trolley overloaded and tippers onto injured party"/>
				<Field Name="Activity" Value="Shelf stacking"/>
				<Field Name="ExactLocation" Value="Aisle 12"/>
				<Field Name="AccidentTime" Value="0730"/>
				<Field Name="AccidentDate" Value="12/9/2019"/>
				<Field Name="HospitalName" Value="Bolton Royal"/>
				<Field Name="FollowonAction" Value="4"/>
				<Field Name="TreatedBy" Value="Peter Doctor"/>
				<Field Name="TreatmentGiven" Value="Ice pack and dressage"/>
				<Field Name="DetailsOfInjury" Value="Head injury, cut and bruising"/>
				<Field Name="LocationAddress" Value="32A Victory Rd, Little Lever, Bolton BL3 1QY, UK"/>
				<Field Name="Location" Value="Tesco Little Lever"/>
				<Field Name="PersonType" Value="1"/>
				<Field Name="EmployeeNo" Value="1234567"/>
				<Field Name="JobTitle" Value="Shelf Stacker"/>
				<Field Name="Telephone" Value="07469154920"/>
				<Field Name="PostCode" Value="BL3 1RB"/>
				<Field Name="Address" Value="59 Ainsworth Road"/>
				<Field Name="FullName" Value="John Campbell-Higgens"/>
				<Field Name="FormName" Value="Accident Report"/>
				<Field Name="UserName" Value="HIGGY"/>
				<Field Name="UserEmail" Value="john.campbellhiggens@kofax.com"/>
				<Field Name="UserHomeFolder" Value="\\US01VMBCMD01\HOME\HIGGY"/>
				<Field Name="JobID" Value="1475179378-3079-17579-165-166"/>
				<Field Name="RenameSchema" Value="0010002-20191209"/>
				<Field Name="ReportNo" Value="0010002"/>
				<Field Name="FileCount" Value="2"/>
			</KnowledgeFields>
		</KnowledgeObject>
	</KnowledgeObjects>
</AutoStore>
