<?xml version="1.0" encoding="utf-8"?>
<AutoStore NSI_SIG2="A8878F35C7C8343E8364AB8A40E5E8EE9FE3D80B85ACBAC7E7BD618493BB0A1BC67FA7B62F239BE4D9CBF778845055B5">
	<Header Version="2" DateCreated="2020-03-20" TimeCreated="13:20:15" AUTHOR="" COMMENTS=""/>
	<KnowledgeObjects ObjID="489556042-12212-18529-140-134">
		<KnowledgeObject ObjID="1572355045-27817-18156-137-225">
			<KnowledgeDocuments>
				<KnowledgeDocument Type="png" Name="Signed_202003201319556991.png" ObjID="379462924-19720-17945-177-102" DocRef="2194076223-13198-20369-161-126.dat"/>
				<KnowledgeDocument Type="TXT" Name="TimeSheet.TXT" ObjID="3373627447-10168-20323-187-112" DocRef="4102662778-46214-19376-141-58.dat"/>
				<KnowledgeDocument Type="PDF" Name="TimeSheet.PDF" ObjID="1498253907-51300-17623-135-233" DocRef="3445976725-20027-19391-153-96.dat"/>
			</KnowledgeDocuments>
			<KnowledgeFields>
				<Field Name="ContractorName" Value="~WCC::User,%displayName%~"/>
				<Field Name="Signature" Value="C:\Kofax\MobileDemo\Home\WebCapture\WORK\9096b0df-9a3c-4840-9202-b8545a7ae997\Signed_202003201319556991.png"/>
				<Field Name="ContractorID" Value="jdfields1"/>
				<Field Name="FriHours" Value=""/>
				<Field Name="FriEnd" Value=""/>
				<Field Name="FriStart" Value=""/>
				<Field Name="ThuHours" Value=""/>
				<Field Name="ThuEnd" Value=""/>
				<Field Name="ThuStart" Value=""/>
				<Field Name="WedHours" Value=""/>
				<Field Name="WedEnd" Value=""/>
				<Field Name="WedStart" Value=""/>
				<Field Name="TueHours" Value=""/>
				<Field Name="TueEnd" Value=""/>
				<Field Name="TueStart" Value=""/>
				<Field Name="MonHours" Value=""/>
				<Field Name="MonEnd" Value=""/>
				<Field Name="MonStart" Value=""/>
				<Field Name="WeekEnding" Value="19-03-2020"/>
				<Field Name="TimeSheetID" Value="0000290"/>
				<Field Name="TotalHours" Value=""/>
				<Field Name="Submitted" Value="20-03-2020"/>
				<Field Name="UserName" Value="jdfields1"/>
				<Field Name="UserEmail" Value="john.fields@kofax.com"/>
				<Field Name="UserHomeFolder" Value="\\US01VMBCMD01\HOME\jdfields1"/>
				<Field Name="FormName" Value="Submit TimeSheet"/>
				<Field Name="JobID" Value="1572355045-27817-18156-137-225"/>
			</KnowledgeFields>
		</KnowledgeObject>
	</KnowledgeObjects>
</AutoStore>
