<?xml version="1.0" encoding="utf-8"?>
<AutoStore NSI_SIG2="D97CB1CE5D82E0E09783FA1C450C841DF72695DCDFB5005BAD3E4B59696E119024F30528AF0CCBD03607E3407B190F50">
	<Header Version="2" DateCreated="2018-04-05" TimeCreated="11:44:34" AUTHOR="" COMMENTS=""/>
	<KnowledgeObjects ObjID="1579694539-65493-17266-138-246">
		<KnowledgeObject ObjID="719716679-24853-19492-189-246">
			<KnowledgeDocuments>
				<KnowledgeDocument Type="pdf" Name="Confirmation.pdf" ObjID="2714088119-54835-19767-188-65" DocRef="1159785558-14454-19935-174-47.dat"/>
			</KnowledgeDocuments>
			<KnowledgeFields>
				<Field Name="AssessorSignature" Value="C:\Nuance\MobileDemo\Home\WebCapture\WORK\2efb40ae-9a27-46d1-aab0-ba6652bfba8e\AssessorSignature_201711212031455590.png"/>
				<Field Name="AssessorName" Value="John Campbell-Higgens"/>
				<Field Name="Chargeable" Value="No"/>
				<Field Name="Type" Value="Leaking"/>
				<Field Name="Category" Value="Doors"/>
				<Field Name="Urgency" Value="Critical"/>
				<Field Name="VisitDate" Value="21/11/2017"/>
				<Field Name="PostCode" Value="Bl3"/>
				<Field Name="HouseNumber" Value="1234"/>
				<Field Name="RenameSchema" Value="Bl3-1234-Critical-Doors"/>
				<Field Name="Section" Value="Housing and Tenancies\Housing Associations"/>
				<Field Name="FormName" Value="Issue Assessment Form"/>
				<Field Name="JobID" Value="719716679-24853-19492-189-246"/>
				<Field Name="UserHomeFolder" Value=""/>
				<Field Name="UserEmail" Value="jch@ndi-demo.local"/>
				<Field Name="UserName" Value="jch"/>
				<Field Name="FileCount" Value="1"/>
			</KnowledgeFields>
		</KnowledgeObject>
	</KnowledgeObjects>
</AutoStore>
