<?xml version="1.0" encoding="utf-8"?>
<AutoStore NSI_SIG2="6E945FD3ACFBB308C2F1E3C5026A6DA8C410C72B689667A34F0E213597EEE7DCBB030E2452471DF2F0096F786AF6715E">
	<Header Version="2" DateCreated="2018-04-23" TimeCreated="11:47:02" AUTHOR="" COMMENTS=""/>
	<KnowledgeObjects ObjID="860333677-40385-17792-177-246">
		<KnowledgeObject ObjID="2384765-52063-19258-186-68">
			<KnowledgeDocuments>
				<KnowledgeDocument Type="jpg" Name="1524484009469.jpg" ObjID="489596574-5661-18067-149-50" DocRef="1431971234-3393-18138-189-163.dat"/>
			</KnowledgeDocuments>
			<KnowledgeFields>
				<Field Name="UserName" Value="jlasch"/>
				<Field Name="UserEmail" Value="juergen.lasch@kosnord.de"/>
				<Field Name="UserHomeFolder" Value="\\NUAN-MOBAD01\HOME\JLasch"/>
				<Field Name="FormName" Value="Classification Example"/>
				<Field Name="JobID" Value="2384765-52063-19258-186-68"/>
				<Field Name="Section" Value="Security and GDPR"/>
				<Field Name="RequestType" Value="Email"/>
			</KnowledgeFields>
		</KnowledgeObject>
	</KnowledgeObjects>
</AutoStore>
