<?xml version="1.0" encoding="utf-8"?>
<AutoStore NSI_SIG2="8FCB9FF65F946EDB7E199593DBFCD8E3CA19A9010DA0F67A3C587C632B2B410FE7759DE87F894E73F5D49A8360B31DC7">
	<Header Version="2" DateCreated="2020-03-09" TimeCreated="09:48:59" AUTHOR="" COMMENTS=""/>
	<KnowledgeObjects ObjID="613812039-57444-17762-183-33">
		<KnowledgeObject ObjID="2417421600-56069-16684-128-218">
			<KnowledgeDocuments>
				<KnowledgeDocument Type="png" Name="Signed_202003090948407040.png" ObjID="580949143-64698-20048-160-118" DocRef="198606265-9632-20042-152-70.dat"/>
				<KnowledgeDocument Type="TXT" Name="TimeSheet.TXT" ObjID="2921074587-60816-19025-147-145" DocRef="2780751792-4825-19552-142-195.dat"/>
				<KnowledgeDocument Type="PDF" Name="TimeSheet.PDF" ObjID="2471345194-13220-17159-158-196" DocRef="1789113567-41971-20237-159-233.dat"/>
			</KnowledgeDocuments>
			<KnowledgeFields>
				<Field Name="ContractorName" Value="~WCC::User,%displayName%~"/>
				<Field Name="Signature" Value="C:\Kofax\MobileDemo\Home\WebCapture\WORK\bcb9de77-34ad-4bef-bcc1-6878a2260a5a\Signed_202003090948407040.png"/>
				<Field Name="ContractorID" Value="rbingley"/>
				<Field Name="FriHours" Value=""/>
				<Field Name="FriEnd" Value=""/>
				<Field Name="FriStart" Value=""/>
				<Field Name="ThuHours" Value=""/>
				<Field Name="ThuEnd" Value=""/>
				<Field Name="ThuStart" Value=""/>
				<Field Name="WedHours" Value=""/>
				<Field Name="WedEnd" Value=""/>
				<Field Name="WedStart" Value=""/>
				<Field Name="TueHours" Value=""/>
				<Field Name="TueEnd" Value=""/>
				<Field Name="TueStart" Value=""/>
				<Field Name="MonHours" Value=""/>
				<Field Name="MonEnd" Value=""/>
				<Field Name="MonStart" Value=""/>
				<Field Name="WeekEnding" Value="09-03-2020"/>
				<Field Name="TimeSheetID" Value="0000286"/>
				<Field Name="TotalHours" Value=""/>
				<Field Name="Submitted" Value="09-03-2020"/>
				<Field Name="UserName" Value="rbingley"/>
				<Field Name="UserEmail" Value="rob.bingley@ricoh.ca"/>
				<Field Name="UserHomeFolder" Value="\\US01VMBCMD01\HOME\rbingley"/>
				<Field Name="FormName" Value="Submit TimeSheet"/>
				<Field Name="JobID" Value="2417421600-56069-16684-128-218"/>
			</KnowledgeFields>
		</KnowledgeObject>
	</KnowledgeObjects>
</AutoStore>
