<?xml version="1.0" encoding="utf-8"?>
<AutoStore NSI_SIG2="2D0F9F8D79F5D664A6F95A07E7B320AB2BDA4AAEB91E3D9D5E2EE7891F159D3B8ABD98AEB1CD7DD4CD7BCA0D3B4FD45E">
	<Header Version="2" DateCreated="2019-06-26" TimeCreated="20:12:19" AUTHOR="" COMMENTS=""/>
	<KnowledgeObjects ObjID="1982093293-26533-19760-141-1">
		<KnowledgeObject ObjID="3533095697-46742-18014-188-21">
			<KnowledgeDocuments>
				<KnowledgeDocument Type="jpg" Name="1561579929278.jpg" ObjID="1087520397-58453-16540-168-43" DocRef="2879647048-39358-20055-170-143.dat"/>
				<KnowledgeDocument Type="png" Name="Signature_201906262012187352.png" ObjID="3341111686-47663-19184-158-22" DocRef="2847247983-7154-19543-160-111.dat"/>
			</KnowledgeDocuments>
			<KnowledgeFields>
				<Field Name="DeliveryTime" Value="20:12"/>
				<Field Name="DeliveryDate" Value="26/06/2019"/>
				<Field Name="Driver" Value="jdfields1"/>
				<Field Name="SignatureName" Value="Fields"/>
				<Field Name="DeliveryID" Value="1234567890"/>
				<Field Name="Surname" Value="Campbell-Higgens"/>
				<Field Name="Firstname" Value="John"/>
				<Field Name="Address" Value="Ainsworth Road, Bolton"/>
				<Field Name="Postcode" Value="BL3 1RB"/>
				<Field Name="Signature" Value="C:\Nuance\MobileDemo\Home\WebCapture\WORK\8801d595-48f8-42c6-847f-cd949f8cbba8\Signature_201906262012187352.png"/>
				<Field Name="GPS" Value="43.5438064, -79.6977479"/>
				<Field Name="UserName" Value="jdfields1"/>
				<Field Name="UserEmail" Value="john.fields@kofax.com"/>
				<Field Name="UserHomeFolder" Value="\\NUAN-MOBAD01\HOME\jdfields1"/>
				<Field Name="FormName" Value="Delivery Acceptance"/>
				<Field Name="JobID" Value="3533095697-46742-18014-188-21"/>
			</KnowledgeFields>
		</KnowledgeObject>
	</KnowledgeObjects>
</AutoStore>
