<?xml version="1.0" encoding="utf-8"?>
<AutoStore NSI_SIG2="2FBED73364E8ABBEEC8E8CB739F7260DE4E4B6B88F03F3811EA715A8208F0DF001CF9A6B0380814277CA1490A8E3EBAB">
	<Header Version="2" DateCreated="2019-01-13" TimeCreated="19:45:16" AUTHOR="" COMMENTS=""/>
	<KnowledgeObjects ObjID="2807175725-62254-19964-161-102">
		<KnowledgeObject ObjID="3564677671-20600-17784-139-201">
			<KnowledgeDocuments>
				<KnowledgeDocument Type="pdf" Name="POD_X335044101956_1.pdf" ObjID="3052582106-56181-17969-131-27" DocRef="1211294189-12481-16905-178-202.dat"/>
				<KnowledgeDocument Type="png" Name="Signature_201901131945162441.png" ObjID="3588992899-42537-17219-164-106" DocRef="936352306-31518-18210-169-178.dat"/>
			</KnowledgeDocuments>
			<KnowledgeFields>
				<Field Name="DeliveryTime" Value="19:45"/>
				<Field Name="DeliveryDate" Value="13/01/2019"/>
				<Field Name="Driver" Value="xodice"/>
				<Field Name="SignatureName" Value="Cliff keen 1992"/>
				<Field Name="DeliveryID" Value="8980937638"/>
				<Field Name="Surname" Value=""/>
				<Field Name="Firstname" Value=""/>
				<Field Name="Address" Value=""/>
				<Field Name="Postcode" Value=""/>
				<Field Name="Signature" Value="C:\Nuance\MobileDemo\Home\WebCapture\WORK\d4f28670-9bda-4266-81aa-a7531667e7a5\Signature_201901131945162441.png"/>
				<Field Name="GPS" Value="43.29965691320207, -72.47371099243433"/>
				<Field Name="UserName" Value="xodice"/>
				<Field Name="UserEmail" Value="Nparillo@ssdvermont.com"/>
				<Field Name="UserHomeFolder" Value="\\NUAN-MOBAD01\HOME\Xodice"/>
				<Field Name="FormName" Value="Delivery Acceptance"/>
				<Field Name="JobID" Value="3564677671-20600-17784-139-201"/>
			</KnowledgeFields>
		</KnowledgeObject>
	</KnowledgeObjects>
</AutoStore>
