<?xml version="1.0" encoding="utf-8"?>
<AutoStore NSI_SIG2="139B636A8AE7CF5AD818E21A5F39E7AC6D9B8503316B9EC6D5040BC9FC396D30988F414CF091E82061F898BA897C5C73">
	<Header Version="2" DateCreated="2020-03-10" TimeCreated="12:26:46" AUTHOR="" COMMENTS=""/>
	<KnowledgeObjects ObjID="2195995434-45032-16844-167-192">
		<KnowledgeObject ObjID="225440994-14452-19401-159-95">
			<KnowledgeDocuments>
				<KnowledgeDocument Type="png" Name="Signed_202003101226107045.png" ObjID="4207157414-57718-20053-185-190" DocRef="3201127275-45808-18997-139-112.dat"/>
				<KnowledgeDocument Type="TXT" Name="TimeSheet.TXT" ObjID="4013478125-35825-20192-137-201" DocRef="3471191198-22198-20198-189-169.dat"/>
				<KnowledgeDocument Type="PDF" Name="TimeSheet.PDF" ObjID="3228402513-15397-20457-145-196" DocRef="3950273261-63131-19118-181-24.dat"/>
			</KnowledgeDocuments>
			<KnowledgeFields>
				<Field Name="ContractorName" Value="~WCC::User,%displayName%~"/>
				<Field Name="Signature" Value="C:\Kofax\MobileDemo\Home\WebCapture\WORK\68ce817d-142a-4b2f-93bf-e21148a14518\Signed_202003101226107045.png"/>
				<Field Name="ContractorID" Value="rbingley"/>
				<Field Name="FriHours" Value="12:00"/>
				<Field Name="FriEnd" Value="8:00 pm"/>
				<Field Name="FriStart" Value="8:00 am"/>
				<Field Name="ThuHours" Value="12:00"/>
				<Field Name="ThuEnd" Value="8:00 pm"/>
				<Field Name="ThuStart" Value="8:00 am"/>
				<Field Name="WedHours" Value="12:00"/>
				<Field Name="WedEnd" Value="8:00 pm"/>
				<Field Name="WedStart" Value="8:00 am"/>
				<Field Name="TueHours" Value="12:00"/>
				<Field Name="TueEnd" Value="8:00 pm"/>
				<Field Name="TueStart" Value="8:00 am"/>
				<Field Name="MonHours" Value="12:00"/>
				<Field Name="MonEnd" Value="8:00 pm"/>
				<Field Name="MonStart" Value="8:00 am"/>
				<Field Name="WeekEnding" Value="10-03-2020"/>
				<Field Name="TimeSheetID" Value="0000288"/>
				<Field Name="TotalHours" Value="60:00"/>
				<Field Name="Submitted" Value="10-03-2020"/>
				<Field Name="UserName" Value="rbingley"/>
				<Field Name="UserEmail" Value="rob.bingley@ricoh.ca"/>
				<Field Name="UserHomeFolder" Value="\\US01VMBCMD01\HOME\rbingley"/>
				<Field Name="FormName" Value="Submit TimeSheet"/>
				<Field Name="JobID" Value="225440994-14452-19401-159-95"/>
			</KnowledgeFields>
		</KnowledgeObject>
	</KnowledgeObjects>
</AutoStore>
