<?xml version="1.0" encoding="utf-8"?>
<AutoStore NSI_SIG2="2B871D0FB47C0A2F93D02FD209DF9395A4EC4E2D3EBA169A604BBCEDD1F8C9E6DE4C39D9CA4DF60C6E4183C3A56CCA51">
	<Header Version="2" DateCreated="2020-01-07" TimeCreated="19:21:39" AUTHOR="" COMMENTS=""/>
	<KnowledgeObjects ObjID="1792233038-44753-18507-134-6">
		<KnowledgeObject ObjID="4200450254-33609-18703-156-205">
			<KnowledgeDocuments>
				<KnowledgeDocument Type="png" Name="Signed_202001071921047487.png" ObjID="524117492-25365-17387-190-138" DocRef="3672028630-48100-18646-183-226.dat"/>
				<KnowledgeDocument Type="TXT" Name="TimeSheet.TXT" ObjID="2964196244-17338-16434-159-236" DocRef="3479892029-13618-19908-147-42.dat"/>
				<KnowledgeDocument Type="PDF" Name="TimeSheet.PDF" ObjID="490566570-9555-20395-169-68" DocRef="1586933806-16042-19412-182-202.dat"/>
			</KnowledgeDocuments>
			<KnowledgeFields>
				<Field Name="ContractorName" Value="~WCC::User,%displayName%~"/>
				<Field Name="Signature" Value="C:\Kofax\MobileDemo\Home\WebCapture\WORK\e7ede505-1f89-4e73-9a79-f89d0f611c01\Signed_202001071921047487.png"/>
				<Field Name="ContractorID" Value="jesaaved"/>
				<Field Name="FriHours" Value="08:00"/>
				<Field Name="FriEnd" Value="4pm"/>
				<Field Name="FriStart" Value="8am"/>
				<Field Name="ThuHours" Value="08:00"/>
				<Field Name="ThuEnd" Value="4pm"/>
				<Field Name="ThuStart" Value="8am"/>
				<Field Name="WedHours" Value="08:00"/>
				<Field Name="WedEnd" Value="4pm"/>
				<Field Name="WedStart" Value="8am"/>
				<Field Name="TueHours" Value="08:00"/>
				<Field Name="TueEnd" Value="4pm"/>
				<Field Name="TueStart" Value="8am"/>
				<Field Name="MonHours" Value="08:00"/>
				<Field Name="MonEnd" Value="4pm"/>
				<Field Name="MonStart" Value="8am"/>
				<Field Name="WeekEnding" Value="07-01-2020"/>
				<Field Name="TimeSheetID" Value="0000279"/>
				<Field Name="TotalHours" Value="40:00"/>
				<Field Name="Submitted" Value="07-01-2020"/>
				<Field Name="UserName" Value="jesaaved"/>
				<Field Name="UserEmail" Value="james.saavedra@kofax.com"/>
				<Field Name="UserHomeFolder" Value="\\US01VMBCMD01\HOME\jesaaved"/>
				<Field Name="FormName" Value="Submit TimeSheet"/>
				<Field Name="JobID" Value="4200450254-33609-18703-156-205"/>
			</KnowledgeFields>
		</KnowledgeObject>
	</KnowledgeObjects>
</AutoStore>
