<?xml version="1.0" encoding="utf-8"?>
<AutoStore NSI_SIG2="545B58EDD592A273517491C749FB84C7DD6783AD582460A1666BC4922A88CC1DDD304C584C1E29BB227F4BBFF280D7FA">
	<Header Version="2" DateCreated="2020-03-27" TimeCreated="04:39:50" AUTHOR="" COMMENTS=""/>
	<KnowledgeObjects ObjID="3947809846-21902-16742-150-183">
		<KnowledgeObject ObjID="2770709393-20423-19178-156-2">
			<KnowledgeDocuments>
				<KnowledgeDocument Type="pdf" Name="Kofax MFDP Channel Partner FAQ 03-18-20.pdf" ObjID="1047396084-23780-18061-154-154" DocRef="260060308-4136-17265-160-115.dat"/>
			</KnowledgeDocuments>
		</KnowledgeObject>
	</KnowledgeObjects>
</AutoStore>
