<?xml version="1.0" encoding="utf-8"?>
<AutoStore NSI_SIG2="3DF8CC87FD146514987C117A52FC2692EBBE0F5606DFE7E7C647FB67727CBF7889C66BC2993468F066A73F132935555E">
	<Header Version="2" DateCreated="2019-04-25" TimeCreated="15:23:45" AUTHOR="" COMMENTS=""/>
	<KnowledgeObjects ObjID="1654929126-36216-18077-169-223">
		<KnowledgeObject ObjID="1381790489-53243-17191-128-204">
			<KnowledgeDocuments>
				<KnowledgeDocument Type="pdf" Name="18295680-1B88-406E-A2E5-F39673FFF9C1-2.pdf" ObjID="960888902-65479-20183-132-57" DocRef="3752480041-47897-18859-147-201.dat"/>
				<KnowledgeDocument Type="png" Name="Signature_201904251523446907.png" ObjID="367085050-38856-19466-175-15" DocRef="3178697766-32194-19864-145-132.dat"/>
			</KnowledgeDocuments>
			<KnowledgeFields>
				<Field Name="DeliveryTime" Value="15:23"/>
				<Field Name="DeliveryDate" Value="25/04/2019"/>
				<Field Name="Driver" Value="Xodice"/>
				<Field Name="SignatureName" Value="Cliff keen 1992"/>
				<Field Name="DeliveryID" Value="C7H3B-PWT8W-YBV92-M4FJM-G2XH7"/>
				<Field Name="Surname" Value=""/>
				<Field Name="Firstname" Value=""/>
				<Field Name="Address" Value=""/>
				<Field Name="Postcode" Value=""/>
				<Field Name="Signature" Value="C:\Nuance\MobileDemo\Home\WebCapture\WORK\57018a9d-fdc4-4e3b-8dcb-8448872b4ae7\Signature_201904251523446907.png"/>
				<Field Name="GPS" Value="43.2998656070913, -72.47392357598976"/>
				<Field Name="UserName" Value="Xodice"/>
				<Field Name="UserEmail" Value="Nparillo@ssdvermont.com"/>
				<Field Name="UserHomeFolder" Value="\\NUAN-MOBAD01\HOME\Xodice"/>
				<Field Name="FormName" Value="Delivery Acceptance"/>
				<Field Name="JobID" Value="1381790489-53243-17191-128-204"/>
			</KnowledgeFields>
		</KnowledgeObject>
	</KnowledgeObjects>
</AutoStore>
