<?xml version="1.0" encoding="utf-8"?>
<AutoStore NSI_SIG2="705CFBF0AEECF896A8E061D9B6DFB50AD1452E589068A8365AC7914330249FA265904A2C336261A65E3C74487D7F6483">
	<Header Version="2" DateCreated="2020-03-27" TimeCreated="04:29:40" AUTHOR="" COMMENTS=""/>
	<KnowledgeObjects ObjID="3947809846-21902-16742-150-183">
		<KnowledgeObject ObjID="2770709393-20423-19178-156-2">
			<KnowledgeDocuments>
				<KnowledgeDocument Type="docx" Name="Kofax MFDP Channel Partner FAQ 03-18-20.docx" ObjID="2127079960-44620-20124-152-69" DocRef="3045419062-45436-17482-154-240.dat"/>
			</KnowledgeDocuments>
			<KnowledgeFields>
				<Field Name="FormName" Value="Office Documents to PDF"/>
				<Field Name="UserName" Value="HiggyUK"/>
				<Field Name="UserEmail" Value="john.campbellhiggens@kofax.com"/>
				<Field Name="Section" Value="Document Conversion"/>
				<Field Name="UserHomeFolder" Value="\\US01VMBCMD01\HOME\HiggyUK"/>
				<Field Name="Job_ID" Value="2770709393-20423-19178-156-2"/>
			</KnowledgeFields>
		</KnowledgeObject>
	</KnowledgeObjects>
</AutoStore>
