<?xml version="1.0" encoding="utf-8"?>
<AutoStore NSI_SIG2="B7F92965A1C607B4E498EE7C82D18F357805CA2855A6FB747D66F57307474EFCF90E5C5E04B651C742B19130C53FCDBA">
	<Header Version="2" DateCreated="2020-04-22" TimeCreated="09:27:03" AUTHOR="" COMMENTS=""/>
	<KnowledgeObjects ObjID="2884273409-23474-19536-174-111">
		<KnowledgeObject ObjID="1775768628-34226-18711-147-87">
			<KnowledgeDocuments>
				<KnowledgeDocument Type="jpg" Name="1587572815729.jpg" ObjID="3573301669-7639-20070-186-202" DocRef="744405147-42093-16518-178-63.dat"/>
			</KnowledgeDocuments>
			<KnowledgeFields>
				<Field Name="FormName" Value="Office Documents to PDF"/>
				<Field Name="UserName" Value="dmitry3"/>
				<Field Name="UserEmail" Value="dmitry.krizhanovsky@kofax.com"/>
				<Field Name="Section" Value="Document Conversion"/>
				<Field Name="UserHomeFolder" Value="\\US01VMBCMD01\HOME\dmitry3"/>
				<Field Name="Job_ID" Value="1775768628-34226-18711-147-87"/>
			</KnowledgeFields>
		</KnowledgeObject>
	</KnowledgeObjects>
</AutoStore>
